Total Nacional - Región_0,comuna_6_7_8_1,número__de_upa_2,superficie_(ha)_3,número_de_upa_4,superficie_(ha)_5,número_de_upa_6,superficie_(ha)_7,número_de_upa_8,superficie_(ha)_9,número_de_upa_10,superficie_(ha)_11,número_de_upa_12,superficie_(ha)_13,número_de_upa_14,superficie_(ha)_15,número_de_upa_16,superficie_(ha)_17,número_de_upa_18,superficie_(ha)_19,número_de_upa_20,superficie_(ha)_21,número_de_upa_22,superficie_(ha)_23,número_de_upa_24,superficie_(ha)_25,número_de_upa_26,superficie_(ha)_27,número_de_upa_28,superficie_(ha)_29,número_de_upa_30,superficie_(ha)_31,número_de_upa_32,superficie_(ha)_33,número_de_upa_34,superficie_(ha)_35,número_de_upa_36,superficie_(ha)_37,número_de_upa_38,superficie_(ha)_39
Total Nacional,total_nacional,1386280,4574256515956164,330400,4273600920000671,281410,479512890000186,17640,529986210000005,455080,588917804379845,454420,3748090440000359,60880,100811458,15630,9391152,10490,192599039999696,15950,32975064999999,241090,1932085860000417,303640,2068400835026187,399320,9616153049997235,187100,5282913579999926,801020,8062137112799604,273940,7059063365948375,273010,4072416487004184,255670,1920498823609896,1055830,2047443479025319
Región de Arica y Parinacota,total_región,12670,421712261,190,4725,730,37937,10,20,9690,2762374,2500,565197,30,25,170,6297,50,3651,100,628,1810,906495,90,704,40,1596107,170,195287,500,10855327,2790,17586072,850,206107974,1830,65911242,6660,1259883
Región de Arica y Parinacota,arica,9620,20038905,20,380,20,11,10,20,8600,2664475,1890,51657,00,00,110,504,30,3301,100,628,470,182875,00,00,00,00,00,00,20,36744,1910,111504,130,291204,1470,11594765,5950,60027
Región de Arica y Parinacota,camarones,1220,8366171,70,525,70,85,00,00,320,42574,450,43337,30,25,00,00,20,35,00,00,620,4700,00,00,00,00,00,00,10,059,370,557,30,7025,250,746225,230,20172
Región de Arica y Parinacota,putre,1510,363580085,100,40,640,28337,00,00,790,55325,170,529,00,00,60,1257,00,00,00,00,740,25312,90,704,40,159565,170,195287,290,10737514,520,16415332,400,180440854,110,40644727,380,440293
Región de Arica y Parinacota,general_lagos,420,297271,00,00,00,00,00,00,00,00,00,00,00,00,00,00,00,00,00,00,10,05,00,00,10,457,00,00,200,8101,00,00,320,2268483,30,62095,130,176
Región de Tarapacá ,total_región,8350,23634463311,1170,32153,590,30061,10,0027,5200,5761751,2640,277025,30,4345,130,2601,40,0321,200,1056,2690,194767,240,24624718,230,13875081,00,00,120,18212322,4470,2723697,310,521078206,730,1617537279,4030,76222
Región de Tarapacá ,iquique/alto_hospicio,130,769475066,00,00,00,00,00,00,80,39466,30,12475,10,0018,00,00,00,00,10,0013,20,012,10,05,00,00,00,00,10,529,80,10973,10,36866,20,7654151,80,4001
Región de Tarapacá ,pozo_almonte,1800,8453008559999999,120,4243,140,0305,10,0027,1380,101286,350,987,20,3827,110,2001,00,00,20,004,1070,853,220,509,230,3797321,00,00,10,4415401,1380,933929,40,12945398,130,6667230729999999,1280,26554
Región de Tarapacá ,camiña,1830,205928148,210,541,30,015,00,00,1730,11041804587152,10,004,00,00,00,00,20,03,10,002,510,9304,00,00,00,00,00,00,20,203405,220,7427,140,8402757999999999,190,119664068,210,253795412844
Región de Tarapacá ,colchane,730,5012591,510,29711,340,27458,00,00,170,20822,10,0125,00,00,00,00,00,00,00,00,40,965,00,00,00,00,00,00,70,81659,550,722428,20,271146,30,4060,50,09480000000000001
Región de Tarapacá ,huara,2150,10653616175,320,8363,80,2148,00,00,1690,33342445412848,490,40402,10,05,20,06,20,0021,00,00,940,88557,10,246190,10,961175,00,00,40,9551436,840,583465,80,263069553,200,67147113,830,1834404587156
Región de Tarapacá ,pica,1920,164895612,30,6404,00,00,00,00,200,6278000000000001,1750,214113,00,00,00,00,00,00,160,0983,120,1836,10,0128,10,46601,00,00,20,3959892,1480,398632,70,41446973,210,8273149799999999,1620,23837
Región de Antofagasta,total_región,7220,5688403896000001,530,253,820,11703,10,0003,5260,249667,2560,95543,170,4855,290,144,30,005200000000000001,170,4306,3860,622412,150,16139,630,24507,30,0861,720,364064764,3760,713426,120,21413845,1330,5108279008,4660,15146
Región de Antofagasta,antofagasta,1030,2551720838,00,00,10,03,00,00,870,12892,110,5224,00,00,10,005,30,005200000000000001,80,2502,10,30,00,00,00,00,00,00,10,28609945,610,7759,10,12448332,160,2141063306,1000,42983
Región de Antofagasta,taltal,620,4002785,00,00,00,00,00,00,200,0378,600,2566,00,00,00,00,00,00,20,0012,00,00,00,00,00,00,00,00,00,00,570,3251,10,14839,40,3981709,560,381
Región de Antofagasta,san_pedro_de_atacama,3260,196897452,170,4695,460,7296,00,00,2260,99516,1530,59308,170,4855,50,037,00,00,30,105,2230,416324,50,12163,610,24007,30,0861,530,7753345,1740,566886,100,2091,740,118094516,1690,51245
Región de Antofagasta,calama/ollagüe,2320,296272956,360,20605,340,4047,10,0003,1860,136171,340,5221,00,00,230,102,00,00,30,07,1640,202588,80,2276,20,05,00,00,190,431864,790,102691,30,817707,420,213544906,1300,49664
Región de Antofagasta,mejillones/sierra_gorda,120,141233664,00,00,10,006,00,00,70,021,20,013,00,00,00,00,00,00,10,001,00,00,00,00,00,00,00,00,00,00,80,291,10,770555,20,140462644,90,133
Región de Antofagasta,tocopilla/maría_elena,50,119114816,00,00,00,00,00,00,10,05,00,00,00,00,00,00,00,00,10,0032,10,05,20,17,00,00,00,00,00,00,20,067,10,958,20,119113275,50,2428
Región de Atacama,total_región,13520,446345424,370,15068,280,8776,60,216,3390,625362,9530,8126201,1500,48068,120,4868,10,30,240,11245,2600,1470072,610,76445,470,444495,110,6214,1120,232780925,7050,10949203,1170,97941577,3480,3227499043,10330,1244751
Región de Atacama,tierra_amarilla,1130,85092721,00,00,00,00,00,00,210,25305,710,448861,50,168,10,0013,00,00,20,0032,240,7377,10,0725,10,2665,00,00,180,94275,650,2375732,90,35773002,320,48528581,990,569618
Región de Atacama,copiapó/caldera,2080,1072608812,30,875,10,60,20,26,1070,205271,1090,1149246,100,1485,30,1753,00,00,80,4171,410,9193,10,120,10,1000,40,521,70,1041658,1260,1915347,150,334592295,540,72369359,1780,208679
Región de Atacama,chañaral/diego_de_almagro,150,211052872,00,00,00,00,00,00,40,027,10,001,00,00,00,00,00,00,00,00,30,152,00,00,00,00,20,203,20,1871427,80,3255,10,7151949,30,185182311,110,704
Región de Atacama,vallenar,2570,1892519650000016,150,10586,70,745,30,150,840,28519,1170,6923921146952999,140,1370,40,25,00,00,80,4062,560,8514,110,300,60,370,00,00,260,12437,1590,4248879057349378,70,17752898,610,4873820000000001,2280,241011827956937
Región de Atacama,alto_del_carmen,4690,1840184329999983,180,2707,170,631,00,00,640,39945,4140,899193,1200,17763,10,05,00,00,10,01,820,87092,270,937,380,40795,50,801,580,857,2230,1801054999998272,760,22181875,1000,158542365,2510,111423
Región de Atacama,freirina,1310,2796446,10,70,00,00,00,00,130,4756,750,19107,00,00,00,00,10,30,20,22,290,33595,50,108,00,00,00,00,30,4707,490,27274,110,32964,460,1070551,1130,55235
Región de Atacama,huasco,1800,5332265400000011,10,20,30,095,10,40,470,21821,1740,7056798853047,20,075,30,0102,00,00,40,068,270,2841,160,1355,10,02,00,00,10,344466,870,30289994265235,40,1553347,560,2209797,1630,51744172043063
Región de Coquimbo,total_región,69290,1895692284,2150,386836,4600,1303888,70,643,15820,601088,38800,2631887,8820,6928298,780,52459,140,78114,680,70367,14220,250449,3550,33545013,4920,3452877,1150,679795,10540,261368633,40480,36483408,6550,803388306,16280,674299069,51830,7738658
Región de Coquimbo,la_serena,4850,1544474500000023,10,10,670,694017923513,00,00,1570,13873224231492,1750,7831635847026,30,440,150,8812,00,00,160,16799,730,191265,370,39598,30,35025,80,2125,220,10096987,3520,2399418,250,12732834,1280,10228758,4110,500087068637451
Región de Coquimbo,coquimbo,4190,7268150599999775,140,20089,580,378592076487,20,218,1710,26072075768508,1800,19291954152974,00,00,150,1183,10,40,230,11318,520,8196,180,2182559,110,222182,70,35436,210,12540336,2390,2438212,390,1493788,540,1233085,3890,986085931362549
Región de Coquimbo,andacollo,1260,78051,20,012,00,00,10,05,90,394,850,6209,00,00,30,03,00,00,10,002,90,695,30,16,30,064,180,1245,20,575,1160,452553,120,9927999999999999,540,9596000000000001,1200,38357
Región de Coquimbo,la_higuera,1040,9475008999999995,00,00,30,1715,00,00,90,409409090909,770,12912318181815,30,490,20,023,00,00,30,101,50,195,20,330,20,610,00,00,30,497,590,27128727272726,50,4055582,570,5353061,420,3702545454545
Región de Coquimbo,paiguano,1430,144241038,00,00,20,002,00,00,70,0632,950,8272090000000001,800,335628,00,00,00,00,10,001,200,309,30,0573,180,693252,10,10,190,19434784,820,6464449999999999,80,51805863,390,70301899,1380,162823
Región de Coquimbo,vicuña,2120,394719627,00,00,50,2615,00,00,300,34015,1270,2727241,530,748125,30,0321,00,00,10,03,300,77975,50,67,70,132076,10,40,140,1048172,1070,2674202,250,10655911,740,27085381,1780,393882
Región de Coquimbo,illapel,5000,1823958540000001,100,83,240,12215,00,00,1310,7393490909091,3310,148001281818185,400,104227,20,0017,00,00,40,14915,1200,88888,580,55785,640,231528,200,36725,1460,36756489,3320,248814072727274,180,75098265,1390,63607891,4480,25476854545455
Región de Coquimbo,canela,7990,100409035,840,138979,1870,6315,00,00,3260,12722,4250,28163,20,201,30,079,10,12,00,00,2850,506502,1130,6702716,310,2477749,190,23655,4000,15848235,4640,3504146,400,6406949,660,6252506,4260,409057
Región de Coquimbo,los_vilos,3100,7858689,30,205,130,456,00,00,640,19121,1800,331558,00,00,10,01,10,12,90,8275,470,7937,80,267785,690,968304,20,1000,500,1313017,1960,2824124,560,41479093,640,8046516,1700,199863
Región de Coquimbo,salamanca,8050,185730768,130,1028,210,1059,00,00,1170,60263,4830,1366767,3030,1060624,40,0434,00,00,20,103,1960,188496,160,567,260,44288,250,39955,790,522837,5060,2015529,230,14673823,1330,33282969,4940,382806
Región de Coquimbo,ovalle,11010,109956219,460,87352,450,65667,00,00,3120,15553,4620,9298725,1630,288975,150,2699,110,71714,40,58,2230,60985,550,14975,90,85625,00,00,1530,109498,4890,6487219,550,4090152,3180,33189706,8080,1463076
Región de Coquimbo,combarbalá,6690,110660607,290,101726,80,2226,00,00,1210,2943,4020,563667,40,57,100,2084,00,00,30,08,1210,169823,210,201749,1580,11577275,60,102,1070,1811668,4610,3023841,1210,6237565,1520,13115367,5850,1364389
Región de Coquimbo,monte_patria,4820,14623286,10,03,70,395,00,00,460,5918,3280,5176604,1120,328895,10,0006,00,00,10,10,410,87295,20,63,70,26412,40,311,150,9033151,2210,3443447,180,1595619,780,2721781,2990,948073
Región de Coquimbo,punitaqui,6210,41386563,70,1525,170,120,40,375,770,410,4230,109697,500,11884,10,048,00,00,00,00,1240,10055,120,1321,820,14562,40,451,200,3082665,3160,2524502,2040,13943855,1900,1725888,5290,484861
Región de Coquimbo,río_hurtado,2280,78713267,50,139,60,136,00,00,120,822,1420,264914,750,171939,30,0065,00,00,00,00,770,282716,50,19,30,1845,00,00,80,2002097,1430,1290342,150,153972,1080,54985537,1820,113504
Región de Valparaíso,total_región,54840,6451129467,2190,2540165,2400,5016,170,1098,14070,35601244,28180,45363849,1140,78999,4690,4224603,350,144939,2400,333889,8460,6939181,2940,24611155,4660,168680023,510,26791,6130,127277805,18970,65694245,2600,86248069,11210,91776427,40700,10330215
Región de Valparaíso,casablanca,2350,4762987600009679,160,27119,90,212,00,00,620,101256,740,628045,480,432057,30,113,10,60,20,106,360,165288,300,470363476492,680,120091615507865,40,730,550,315124,410,3526714075865944,240,6500475,790,9080223,1770,158209660852435
Región de Valparaíso,juan_fernández,10,9573050000000001,00,00,00,00,00,00,00,00,00,00,00,00,00,00,00,00,10,001,00,00,10,150,10,27330,00,00,10,27670,00,00,10,40330,10,001,10,2503
Región de Valparaíso,puchuncaví,880,8279903,100,1335,110,1035,00,00,230,67348,280,101526,10,42,00,00,00,00,60,1095,80,1494,80,21213,180,391849,100,1505,400,2670277,190,113983,250,48242,210,42775,550,91544
Región de Valparaíso,quintero,420,544306,00,00,20,0075,00,00,70,1425,60,9257,00,00,00,00,00,00,40,0099,110,832,70,5140,40,5546,10,05,170,34511,120,225286,30,611255,170,37838,270,2971
Región de Valparaíso,valparaíso/viña_del_mar/_concón,270,1426934599990033,10,10,10,10,00,00,50,114,70,538925407927,00,00,20,07999999999999999,00,00,20,10,60,550,60,457403223508,80,42799684492135,10,05,50,408,100,82778725280234,30,21645,110,417957,180,2614552201179
Región de Valparaíso,isla_de_pascua,170,3014409999999999,00,00,00,00,00,00,140,828,90,5507,00,00,00,00,00,00,10,05,00,00,00,00,00,00,00,00,20,280149,120,16781,10,607,40,6738,150,18015
Región de Valparaíso,los_andes,250,5423563600000012,10,80,00,00,00,00,00,00,170,110084444444456,00,00,00,00,00,00,00,00,40,170,10,1121,30,443422,00,00,10,30000,00,00,00,00,80,569855,90,5783155555555999
Región de Valparaíso,calle_larga,1070,2778452000000038,40,8935,30,271999999986,10,56,50,54,780,168349,10,40,00,00,00,00,00,00,420,270080000001783,00,00,10,12940,00,00,10,176710,270,3158,10,60000,220,20608,560,21252
Región de Valparaíso,rinconada,540,2566418000000509,50,335,30,125000000014,30,105,00,00,350,12007,10,95,00,00,00,00,00,00,220,276674517603817,00,00,00,00,00,00,00,00,90,52792,00,00,180,456973482395292,150,3815
Región de Valparaíso,san_esteban,1470,450612000000005,60,762,10,07,00,00,60,128,1250,206884149122809,30,11622,10,015,00,00,20,35,270,1237,00,00,10,10,00,00,20,80,210,17719,00,00,170,149284,910,42497850877196
Región de Valparaíso,la_ligua,4600,4766773200000538,130,1453384615383,510,9502,00,00,800,7737869230766,2640,1993431945684939,00,00,1320,83119,00,00,60,2255,340,6509,120,8721923076923,230,609675,20,302,650,632234692307692,2460,1935026447074766,250,252499076923075,780,1056605605028209,3420,365961071752306
Región de Valparaíso,cabildo,2090,8447146099999921,40,311615384617,60,138,00,00,180,12423230769234,1810,3545199054315061,00,00,30,009999999999999999,10,05,80,4675,40,31,20,016876923077,50,540771,00,00,120,2384799307692308,1180,190972252925694,60,4130181923076925,320,781113894971791,1760,498185928247694
Región de Valparaíso,papudo,220,1325795,30,455,80,1168,00,00,50,535,80,632,10,40,30,1235,30,95,00,00,60,742,30,8000,10,5000,00,00,50,413346,40,217619,10,54946,40,745,150,183
Región de Valparaíso,petorca,2090,1303524049003904,00,00,50,167,00,00,170,326,1650,11495678446208,10,09,40,0205,00,00,10,014,330,28565,10,05,280,21536,40,225,270,5996097,1170,1563673,130,2083369,620,2090686,1460,9282164541824
Región de Valparaíso,zapallar,510,9145586,140,628,10,05,00,00,50,2465,110,10445,30,528,10,085,00,00,20,051,00,00,00,00,50,9066,10,6990,300,7694953,40,6484,30,1835,80,10825,300,80008
Región de Valparaíso,quillota,5940,11620268500013,30,89,10,012,00,00,3630,8121200000001,1770,22648020000101,30,30637,770,376275,140,28555,320,29701,110,1279,30,73,200,3422366666668,70,17815,100,49029,1240,457826,70,200,880,27422033333337,5450,6860370000011
Región de Valparaíso,calera,1360,177127500000684,10,05,30,36,00,00,160,2452,1010,52496284927289,00,00,170,1135,00,00,90,767,90,196,00,00,20,51288492746,00,00,30,8057,290,39467,20,09,160,63161,1130,6619330145935
Región de Valparaíso,hijuelas,4600,1258485699999935,70,75,130,241,00,00,1200,3414,1840,2530652697227555,30,27208,1550,206915,10,07,480,9929,750,18925,30,69,300,6735347,10,221,70,184,1450,82813,10,05,420,97245,2990,3490323027718
Región de Valparaíso,la_cruz,2130,3024367999987805,00,00,00,00,00,00,310,739100967734,1490,1426153453496555,00,00,180,13819032258,20,3164516129,330,44593,30,105,30,22,70,5580544840574,00,00,00,00,370,2759313548385,30,83652,460,3489896666663,1760,19285039576865
Región de Valparaíso,nogales,2370,1965127850995836,100,423,350,71386363637,00,00,440,96956,1150,25753471553792,10,04,190,1574,40,617,200,24382,370,10555,20,8538900000000001,110,424462,00,00,60,13804,1330,24198454545422,40,130125,200,4983308,1830,147420353639996
Región de Valparaíso,san_antonio,1430,22864179,60,316,110,201,30,650,290,7615,420,160441,170,147691,10,025,10,120,50,111,230,10081,260,188224,320,200843,60,820,720,872924,500,3044726,290,49016,440,15616,1110,770153
Región de Valparaíso,algarrobo,890,358458,10,02,110,3335,20,147,290,7564,360,41375,30,63,00,00,00,00,30,012,180,59075,500,84205,380,40348,00,00,450,1024883,470,26511,240,27779,430,564083,830,74515
Región de Valparaíso,cartagena,760,985210999998016,60,6230,00,00,00,00,230,9055,300,1756,60,48183,30,417,10,10,10,05,00,00,180,45710419462776,150,77784102908,30,7316051454,120,11979,380,183052,180,180795,210,14689,520,2036396308724
Región de Valparaíso,santo_domingo,3190,3641052299999505,470,55217,110,2181,00,00,600,127242,1670,33975049999929,80,30075,30,4518,30,125,70,27,650,5577,870,451485,510,356712,40,2035,980,791863,1430,8018861000003056,180,3822,1480,6418666,2460,4098009999991
Región de Valparaíso,el_quisco/el_tabo,350,989467200001984,00,00,00,00,00,00,70,7022,50,28,00,00,00,00,00,00,40,0864,10,35,210,504823580537224,100,53847897092,10,4883948546,90,156398,160,140766,80,1737188,50,3625,280,1416303691276
Región de Valparaíso,san_felipe,2780,1223141519999586,130,952,70,80,20,57,400,70888533333375,1910,3926949638693909,50,21283,30,105,00,00,70,9626581027668,820,46465329267108,10,153,80,11260765931696,00,00,10,01,430,1813714184273846,20,401,290,4110242103626316,1530,34475427320007
Región de Valparaíso,catemu,1630,1311240699997755,90,13282,240,10539808080754,10,20,560,4137749887527,670,150438738236392,10,002,30,15578,00,00,00,00,630,5737650331002,40,313,120,161932,20,530,150,740274,370,35491616304696,90,855,500,77247635278183,860,1363811991244
Región de Valparaíso,llaillay,1180,2053524600000342,00,00,40,1791,00,00,440,3693245589185,420,373914,30,562,30,4670967742,20,2535483871,40,140,380,289122744678,20,125,20,32773,00,00,20,1876,350,7084206451615,20,677856,150,789026,450,13727159963242
Región de Valparaíso,panquehue,1350,72780630000163,280,384885,100,1108555555546,00,00,310,404855555553,740,256770713156979,70,1476,20,0258,00,00,40,1105,410,4680622222218,40,145,30,9035000000000001,00,00,100,979,260,53347347164448,10,3000,140,213220364721817,1090,4785024162513
Región de Valparaíso,putaendo,3430,6106604100000266,80,103,100,1656,40,43,540,70049666666625,2430,165981820021503,30,501,00,00,10,0004,50,1108418972332,1140,19936318972332,10,03,20,470010,30,47,70,1616,1990,987389855476898,30,297,450,1090164,2410,185367668948455
Región de Valparaíso,santa_maría,2120,3971734000001964,10,35,10,20,10,20,50,193,1900,2681910170692001,40,11241,00,00,10,002,40,923,290,15385,00,00,20,501234068304,00,00,00,00,390,180020542339676,10,112,350,423154413978392,1300,350465466161495
Región de Valparaíso,quilpué,960,2340123,10,05,00,00,00,00,110,5326800000000001,300,169313,10,40,00,00,00,00,50,2075,10,05,30,1206,360,65598,10,397,160,12996757,570,8988055,80,7142999999999999,430,39121,900,52112
Región de Valparaíso,limache,2640,483206,40,692,10,05,00,00,1730,37794,560,53835,20,50,120,1198,10,17,120,2337,120,2751,10,01,100,133161,10,28,250,90976,720,700489,110,51765,240,940,2090,220101
Región de Valparaíso,olmué,980,21634715,00,00,00,00,00,00,270,81414,520,28123,00,00,40,935,10,506,30,1186,30,262,20,62,220,1331544,00,00,50,92224,360,109687,110,298515,260,241879,810,474911
Región de Valparaíso,villa_alemana,530,9116160000000001,00,00,00,00,00,00,90,302,120,1705,00,00,10,05,00,00,90,55,00,00,00,00,60,15159,00,00,180,19208,150,440436,10,30,190,7744500000000001,430,20995
Región Metropolitana de Santiago,total_región,55300,9253348514000437,5940,1011121,5380,3049339,240,24049,18090,119840271,22580,58017818,1520,8621179,720,466274,1630,284953,2560,8706319,12830,1532065,1770,368258,4100,16205774,2180,2435587,10570,133903285,13880,3022829,4060,91558913,5790,371934055,41740,1842289900004387
Región Metropolitana de Santiago,independencia,00,00,00,00,00,00,00,00,00,00,00,00,00,00,00,00,00,00,00,00,00,00,00,00,00,00,00,00,00,00,00,00,00,00,00,00,00,00
Región Metropolitana de Santiago,la_cisterna,00,00,00,00,00,00,00,00,00,00,00,00,00,00,00,00,00,00,00,00,00,00,00,00,00,00,00,00,00,00,00,00,00,00,00,00,00,00
Región Metropolitana de Santiago,la_granja,00,00,00,00,00,00,00,00,00,00,00,00,00,00,00,00,00,00,00,00,00,00,00,00,00,00,00,00,00,00,00,00,00,00,00,00,00,00
Región Metropolitana de Santiago,lo_espejo,00,00,00,00,00,00,00,00,00,00,00,00,00,00,00,00,00,00,00,00,00,00,00,00,00,00,00,00,00,00,00,00,00,00,00,00,00,00
Región Metropolitana de Santiago,macul,00,00,00,00,00,00,00,00,00,00,00,00,00,00,00,00,00,00,00,00,00,00,00,00,00,00,00,00,00,00,00,00,00,00,00,00,00,00
Región Metropolitana de Santiago,maipú,870,6042239999998138,50,14065,190,850,00,00,470,54154,150,23114819367288,20,1131,00,00,40,275,10,900,180,45091,10,100,10,11107,00,00,70,1659672,270,1873,280,4015901308334,130,8708199999999999,760,224099675491858
Región Metropolitana de Santiago,pudahuel,360,3118420000018598,00,00,00,00,00,00,100,1105,70,31660980632712,00,00,00,00,00,00,00,00,160,23279,00,00,30,7800,40,8622,120,57188,120,12218,200,3079598691666,100,1535,310,436780324524878
Región Metropolitana de Santiago,quinta_normal,00,00,00,00,00,00,00,00,00,00,00,00,00,00,00,00,00,00,00,00,00,00,00,00,00,00,00,00,00,00,00,00,00,00,00,00,00,00
Región Metropolitana de Santiago,recoleta,00,00,00,00,00,00,00,00,00,00,00,00,00,00,00,00,00,00,00,00,00,00,00,00,00,00,00,00,00,00,00,00,00,00,00,00,00,00
Región Metropolitana de Santiago,san_joaquín,00,00,00,00,00,00,00,00,00,00,00,00,00,00,00,00,00,00,00,00,00,00,00,00,00,00,00,00,00,00,00,00,00,00,00,00,00,00
Región Metropolitana de Santiago,san_miguel,00,00,00,00,00,00,00,00,00,00,00,00,00,00,00,00,00,00,00,00,00,00,00,00,00,00,00,00,00,00,00,00,00,00,00,00,00,00
Región Metropolitana de Santiago,g1_santiago,360,72046837,00,00,10,01,00,00,80,705,50,1255,20,148,30,395,00,00,90,1255,70,625,20,90,40,1359386,00,00,50,1059819,110,20947,120,2310066,70,22960633,250,1472819
Región Metropolitana de Santiago,g2_santiago,380,131453100000224,00,00,00,00,00,00,140,10315,30,92430315672,00,00,00,00,20,100,50,321,100,1873,20,515,10,200,10,120,30,2895,90,537450281856,70,9875,110,28841,370,10453565614464
Región Metropolitana de Santiago,g3_santiago,650,11854409999958,40,8264,80,381,00,00,400,19173,60,1589,50,1817060449408,40,084,00,00,90,451,180,25322,10,02,10,025,00,00,20,21,200,627692584264,20,246,30,19306,540,1559656966286
Región Metropolitana de Santiago,puente_alto,270,5114860000042,30,275,20,20,00,00,60,375,10,90,30,2144839550592,30,40,00,00,00,00,80,680,00,00,00,00,00,00,20,20,110,440907415736,00,00,00,00,220,1029113033714
Región Metropolitana de Santiago,pirque,1750,3448358800004,130,2836,80,71,20,015,420,10618,590,17917896052645,230,8679514473695,20,162,30,110,10,10,600,9791,20,225,260,259998721053,60,1296,290,146453,420,1117218526316,80,5154631579,250,104469,1450,62439
Región Metropolitana de Santiago,san_josé_de_maipo,1080,4308778599999601,30,575,10,01,00,00,200,5156,540,2475603947355,20,35285526305,00,00,00,00,20,0636,180,14507,60,5543,280,123222678947,20,650,550,53378962,300,4720839473684,510,4412353568421,280,31484608,950,957944
Región Metropolitana de Santiago,colina,1960,1921211170002098,50,605,30,33,10,075,1140,7940208,380,1842033373645221,10,455,00,00,40,162,60,58769,490,33337,30,33389,20,27281,20,174,100,472045,850,1477854268448702,160,245743,270,2401227357927057,1370,2069609
Región Metropolitana de Santiago,lampa,1990,1324998,30,270,100,135,00,00,1290,135374,230,122123,00,00,00,00,50,265,100,13075,540,70854,00,00,10,35000,00,00,190,262008,610,82363,40,18790,240,43413,1280,51188
Región Metropolitana de Santiago,tiltil,1410,1480422429997902,00,00,00,00,10,30,340,4705933,700,1609361626354779,30,608,10,025,00,00,30,42004,130,951,40,11205,140,201019,00,00,210,6029634,740,1565527731551298,310,1765396,140,2141112642072943,1250,708376
Región Metropolitana de Santiago,san_bernardo,1510,5203350000012608,100,39722,140,1020,00,00,350,22975,610,180821,110,36001,40,95,100,1052,80,1695,300,3416,00,00,00,00,20,316,60,42967,280,28166,30,320,160,46297,1210,595010000012608
Región Metropolitana de Santiago,buin,3480,1407823299998535,330,55723,270,23586,10,60,790,467718,1510,558116777886392,190,128105421835107,40,682,80,22366,660,1764234054048,540,4887957894736,30,1266,20,200136,20,06,160,21057155639286,1070,985838117021874,60,189409999999648,270,382195781644548,2720,1270868352833032
Región Metropolitana de Santiago,calera_de_tango,1320,3972766000000102,70,887,70,2415,00,00,280,110328,630,17567319335916,40,790,80,49,30,252,60,905,370,54336202829892,30,1205,10,20,20,110,280,794344420913,430,2195907127942,150,7342,90,3963,1170,245386904402382
Región Metropolitana de Santiago,paine,7470,3617190400001465,1230,8989,460,14649,30,70,2370,818501,3010,650930722113608,320,115505478164893,130,3998,170,1357,590,2262165945952,1560,7057792105264,130,1287,150,871184,80,680,560,1115026044360714,1790,1837276882978126,370,1820110000000352,450,418289218355452,5500,1430480647166968
Región Metropolitana de Santiago,melipilla,11990,7392625700003047,1840,409580759036128,1620,1026599,50,3506,3840,22597370621067,5110,13224289684328,190,85875,120,3672,610,101109,210,33524,3070,32311860050251,360,29079,580,12797105,1520,14641343366834,2020,1128431492461976,1800,4369152319382524,690,924084,1180,5914395,9560,27858100775237
Región Metropolitana de Santiago,alhué,1300,739165654,230,14382,260,6703,10,20,420,68438,380,2137493,30,4710,20,00174,20,58,70,1211,550,19027,30,37971,450,57358946,00,00,520,2871176,360,1090202,330,4725392,70,36933,880,699861
Región Metropolitana de Santiago,curacaví,2510,1551550799998671,530,71896,310,15965,20,590,1120,116029,760,131017496259392,30,225,30,0968,30,8398,50,188,460,83302,30,750,50,39140,30,495,360,191959,310,1405999999986266,20,1001,210,336306,1160,32091503740652
Región Metropolitana de Santiago,maría_pinto,2870,2503948400000328,550,106820240963872,200,2119,00,00,980,6115915903616,580,443618603740608,20,26384,00,00,80,5143,50,1013,1110,12454389949749,20,29,130,486602,110,814626633166,1070,799380507538024,420,192306,40,9200000000000001,280,111194,1790,68950722892514
Región Metropolitana de Santiago,san_pedro,5710,4909102399998012,190,41995,70,285,00,00,280,957,4390,6595548,40,6701,20,0142,00,00,70,1434,620,16959,820,210233,1950,112096,110,34393,3040,1163007,2260,6291590999980124,420,1116151,570,6028792,4040,973066
Región Metropolitana de Santiago,talagante,2000,4928068000002394,150,2706028420745,290,158949337526274,10,60,550,429256114941306,890,15502600947565,70,19189,30,215,160,339884310458848,130,392274851876,520,800884817882618,40,206,10,08,20,184739279955,130,122519157628706,510,38411616127508,100,104,400,12818,1640,453873750275462
Región Metropolitana de Santiago,el_monte,2020,694246699999961,210,2533,670,487088638472226,30,120,1060,1152852731784094,540,166576,30,777,20,21,70,6991,60,89925148124,390,63233,20,40,10,6700,100,4314,230,42661111958412,300,191828652465486,90,896,270,81412,1240,341133342881284
Región Metropolitana de Santiago,isla_de_maipo,2140,1402232600000044,40,1423771579255,330,11993,30,10913,760,229353,1390,27079759052435,190,176005,60,17,130,156090663927052,60,193,350,30871,40,6272000000000001,20,100,00,00,270,2916364,360,455288,40,2704,260,414557,1720,850727272904383
Región Metropolitana de Santiago,padre_hurtado,970,3009650000002859,130,2746,150,1158,00,00,520,5915,270,6996961616465001,30,7109999999999998,00,00,20,70,70,1075,170,3718,40,168,20,2600,10,20,50,158291616465,230,2055778586344,10,30,140,6432,490,157414363256958
Región Metropolitana de Santiago,peñaflor,1460,2670530000006315,90,20835,100,418420240015,10,04,490,1239815008063,560,6454139047619,00,00,00,00,40,805150256141,130,8482,350,415673153818462,00,00,00,00,10,115260720045,340,658698685409174,350,20248326729632,00,00,130,3363,1170,239534366294059
Región del Libertador General Bernardo O'Higgins,total_región,91300,1137600488600293,27950,3167981,6280,1451957,2520,3443212,19680,90661985,33160,92548494,6860,34032612,680,591985,2240,2707114,1540,4969906,20220,12113537,11970,89924513,8440,254540233,1860,347456,19990,1526348139999987,18340,53370447,4450,5010711000027301,13540,325056501,58770,2089318700002149
Región del Libertador General Bernardo O'Higgins,rancagua,2050,1662187299972241,400,49994,60,162,60,18271,330,4110028368784,720,3630603,200,45066,40,1848,110,23858142206066,60,3819,630,52366,00,00,40,165164,40,188,30,266,500,8146701587004949,10,782,140,40496,1300,379264153778403
Región del Libertador General Bernardo O'Higgins,codegua,1210,1039550399998329,120,736913132653,60,220,00,00,10,0064,860,4167096768557769,100,1570,00,00,10,25,30,30008,250,1483480422244,80,13098759124088,60,38240,10,02,40,668,400,12342867026952,00,00,40,2849379562044,710,253583625795344
Región del Libertador General Bernardo O'Higgins,coinco,2240,5785180000000672,330,9626102525255,290,79402,30,210,1070,27182,660,638608304598093,00,00,00,00,00,00,30,05,400,12445,460,2419,200,2417703,10,80,230,6795600000000001,420,152338,140,4587,310,7982001967958,1150,615984231975
Región del Libertador General Bernardo O'Higgins,coltauco,2310,8355589999707423,950,8169203007034,190,380,00,00,220,1155,1040,27602999999994,60,1012,30,65,60,522,30,105,580,202100793346,440,1244,50,241061,10,10,150,4754,340,577212974756533,100,124,200,80731593090209,1480,28134
Región del Libertador General Bernardo O'Higgins,doñihue,1580,5839693000222062,280,1790206992966,190,381,10,359,240,2129,520,4643300000006,20,39,10,02,20,40,70,1517,320,103426206654,150,2836,280,443337,120,3372,150,393,310,299017025172952,00,00,210,7584406909791,1070,97055
Región del Libertador General Bernardo O'Higgins,graneros,1060,6850263999768473,230,4520643065692,70,780,20,543,60,15524,480,2181700662848548,110,25123,00,00,60,45203857793934,00,00,230,1112571532846,30,5011240875912,60,11909,00,00,30,102,130,1377358412479421,00,00,60,2815720437956,810,344006434092645
Región del Libertador General Bernardo O'Higgins,las_cabras,4520,3644725240024295,1680,131343,790,99406,80,933,1220,4522504,1050,4880011671779998,120,884784,20,225,70,493,10,0023,1310,616691716566,220,4148546,370,141397,20,350,760,4559958,1000,2993059304625159,160,511,500,153506,2450,593382307271794
Región del Libertador General Bernardo O'Higgins,machalí,800,1690858929999924,90,5072,80,45513,00,00,90,2511,310,719169486292525,30,344,00,00,50,1249,30,1262,380,202533087925,30,30541,170,4632928,10,350,150,14427579,220,12726,50,49182,170,9735119,530,324302642577495
Región del Libertador General Bernardo O'Higgins,malloa,2700,14241193,950,149239,140,2581,90,2544,1090,677929,720,159514,50,5524,20,015,30,1068,70,51905,510,20826,240,9424,180,705262,20,42,170,40817,250,270395,280,75238,260,127254,1290,243704
Región del Libertador General Bernardo O'Higgins,mostazal,1430,4150852300007296,160,24795,90,266,00,00,210,3165,730,299680943515,70,33079,30,363,30,261,50,488,380,13669,190,8444,280,1206823,40,835,140,284692,550,2115530000072514,10,10,250,1986142,1110,71753356485045
Región del Libertador General Bernardo O'Higgins,olivar,1200,2428803042786875,60,5217855096100001,10,15,00,00,90,185,910,1547135772472473,40,10083193792588,00,00,10,15,10,35,130,21025,20,155,10,160,10,175,40,145,170,1120753232452,40,62,380,24690963541636,810,94421822765962
Región del Libertador General Bernardo O'Higgins,peumo,870,1223622100000111,90,15669,20,185,00,00,120,3295,620,335306927210792,50,119108,10,02,00,00,20,19,150,8007,10,15,20,4768,00,00,40,1013,140,23090556696616,10,200,70,4355575,580,245351058231588
Región del Libertador General Bernardo O'Higgins,pichidegua,5690,1822034000000015,2240,211564,310,4866,150,2254,1610,80288,1480,445352,250,111326,70,448,280,26304,90,361,1550,66291,150,583,160,213375,120,4185,1000,1543560000000145,880,113127,90,8435,450,27727,3240,76116
Región del Libertador General Bernardo O'Higgins,quinta_de_tilcoco,1900,47786799999964,580,96484,240,13855,30,345,1320,160243,300,9275099999964,30,23924,00,00,20,85,20,40,140,617,30,1999,00,00,00,00,50,305,80,651,90,26605,380,18745,910,22832
Región del Libertador General Bernardo O'Higgins,rengo,3500,7916683100007434,590,11169888235298,150,5301,50,1656,710,51977,1950,8084558474677026,260,73596,30,222,90,10087,110,617,530,372392,210,301204,70,2070029,00,00,160,932993,580,898598283923286,30,62030,550,2987694642699954,2100,64379299094467
Región del Libertador General Bernardo O'Higgins,requínoa,2500,4902189995741506,200,1276373729837,60,815,50,1546,150,653771631216,1880,5995498650450965,270,14570819433137,40,108,00,00,80,3799,530,46359,30,3590,180,2718208,50,445,130,12002,600,897460716343888,70,911174,480,9380860917904514,1700,1806079193296694
Región del Libertador General Bernardo O'Higgins,san_vicente,8120,257625090000036,2720,272553,130,1385,200,20762,2190,795325,3930,65138880000036,250,178598,50,075,50,36064,190,42297,1520,54578,370,10276,220,3208713,80,2225,260,29899,1480,1427079,220,1516051,890,5840269,5090,679313
Región del Libertador General Bernardo O'Higgins,pichilemu,1410,3903270799979283,560,45591,280,2825222222222,00,00,350,25872,190,2766,00,00,10,04,10,04,30,04,320,14099999999994,980,2278167577774301,250,324411999994309,40,1815,700,315110555555554,400,154236,210,3547029999868482,400,2704494222235388,1020,1200528222225163
Región del Libertador General Bernardo O'Higgins,la_estrella,2140,2644952799998709,360,22377,40,143125,00,00,320,878086363635,440,1844247,220,1756646084171,10,0007500000000000001,00,00,00,00,810,4203285775128,460,212445612579175,510,1841276857565925,70,4439022757845,1760,112067205871746,330,2754097999951736,570,4363257073179585,370,13010671590908,1370,29813031766338
Región del Libertador General Bernardo O'Higgins,litueche,3520,4839676999990844,190,21069,200,1659875,00,00,480,1581763636365,1390,1802719,90,678758956624388,50,1934,00,00,10,001,920,137508,840,896335335164317,470,1663920605883518,270,185670977242155,2770,20461889977562,240,25984225081342,160,5849061071586934,560,4570514607291878,2240,669870019717936
Región del Libertador General Bernardo O'Higgins,marchihue,4290,5347805300041647,280,28521,70,855,00,00,570,124917,730,8112330000000001,300,352504,40,1326,10,10,20,0525,1360,8997864224872,1250,1441559453202918,630,2092465024896718,50,2572,3680,2346302543526304,550,261139771593153,320,300088685539761,520,954749967932201,3560,1025146046478986
Región del Libertador General Bernardo O'Higgins,navidad,1740,1023299319983925,560,131757,320,49885,00,00,530,32085,680,43275,80,129821582533902,20,0029,00,00,50,00352,280,7562,380,209415399063305,300,900766511603552,00,00,800,2071524,630,382664303325505,90,2515,250,742235265672532,1290,110012616141164
Región del Libertador General Bernardo O'Higgins,paredones,4460,2734014200031148,1680,557849,380,487,20,20,300,8747,630,59482,280,6004,30,218,100,1402,30,21,180,5479,3200,1751574500013271,960,1904735000031239,100,5081,1720,3995568999999608,1510,866477,870,1358850000154377,820,542549999992269,2490,295498000001284
Región del Libertador General Bernardo O'Higgins,san_fernando,3710,2339336849999069,640,73497,110,1725,30,170,210,36714,1650,5247961,580,133364,20,0242,120,1159,70,4115,980,98633,270,3800639999988915,530,517651699999155,40,1605,540,2974742,620,236719,270,1330721000000017,550,1234343959999953,2200,857037000007002
Región del Libertador General Bernardo O'Higgins,chépica,5740,2513494599998928,3180,43582037634338,230,3726,150,92132,1850,73909,1280,25517532939034,450,143669,50,044,130,11328,60,2873,610,24894,230,309707,780,676934,90,11624,780,1570335,1270,2153584,80,8798,800,985896,3980,74798194265208
Región del Libertador General Bernardo O'Higgins,chimbarongo,8280,316950727999906,2710,25659393801655,1130,32832,1160,79185,1100,3553004,4100,7941690501064683,420,150586711876042,20,16,480,4647,180,1435754,1770,127614,520,10642,120,934531,380,32693,740,97355,1510,1167861,200,23609,1500,246005,6150,1703879
Región del Libertador General Bernardo O'Higgins,lolol,2710,3434984200007941,720,120122766549,170,7066,90,549950379749,350,2783593417735,810,3644285822785,460,21227706557376,00,00,230,2055,30,211,570,291722971571,520,570772819658996,690,9700200164018863,30,215,1290,55389498422915,560,19636021311472,170,1087010000107955,660,1506470000008842,1670,457794828808991
Región del Libertador General Bernardo O'Higgins,nancagua,2180,1215724499999121,740,73423,90,997,30,1360,410,18381,600,19897414532,800,190392889414079,00,00,30,820,10,005,460,20492,80,221,190,442104,30,77,100,69904,340,38007752540752,40,8685,320,82649,1540,469297127242898
Región del Libertador General Bernardo O'Higgins,palmilla,3340,1573469192757207,1910,191393,100,273,50,341,730,2782,830,267392410482886,440,3455449736446791,00,00,80,428,20,39908831906,570,25341,50,100,100,8715,80,573,270,1595211999999855,710,1609523030239292,60,12436,510,1004741984674,1650,659710188192669
Región del Libertador General Bernardo O'Higgins,peralillo,2710,2261957822805228,1230,162306908531824,120,282,40,1230,760,326979,940,321240589517114,510,3753078482483162,00,00,30,103,30,46091168094,510,23077528823854,120,3431,120,92143,130,11196,440,455375494311978,900,301039396982827,150,218,570,382886281778564,1600,515859629298102
Región del Libertador General Bernardo O'Higgins,placilla,2450,9865783200000102,560,56514,100,3228777777778,60,2565,320,1270662,1560,2431471,480,77254,50,1118,40,339,40,0625,430,15367000000006,110,4443222222224,110,363234,00,00,40,604444444446,350,37486,00,00,200,142526777777778,1510,23937077777778
Región del Libertador General Bernardo O'Higgins,pumanque,1980,2023199400000589,380,33915124919176,90,8091,30,142569620251,330,436976582265,560,683604177215,170,16044793442624,00,00,30,4040000000000001,20,11,700,45761174019046,720,2741443803226015,450,2480742836141602,20,230,1120,7855575214588168,760,21341918688528,130,1086839999977895,200,239674197543358,1240,349821290338931
Región del Libertador General Bernardo O'Higgins,santa_cruz,3240,2020120684445966,1340,24305212365662,30,46,140,3609,620,62139,870,26740912528966,710,2840302886929257,30,0262,130,21264,90,703,580,269303,70,1039,220,375019,20,42,320,1308781,510,106920747459248,60,99,540,391367,1510,620317993475125
Región del Maule,total_región,174000,1331819793353982,52160,552582580000449,19430,61449810000014,3080,42745399999979,41510,102528863999845,66760,8775461100003593,16040,35980296,1510,476046,3620,76592459999806,2580,6374391999999,26460,176495760000095,24880,3364080290599437,17380,2337539609933239,16310,234716410000008,68980,1531026009999057,37070,8257015309969896,11370,8455307800014231,22550,1624036500000565,121900,2989724200085504
Región del Maule,talca,3450,853808957981796,1100,95208247674122,370,902313651744,110,2308,1570,60803745250434,510,1105368694781067,480,12787665006965,60,2246,130,14366022545292,160,8773,340,3305695224548,140,14684720778342,90,1652303957618,160,9736846153842,820,100969403977778,1110,1052028685551968,150,25914770481,630,9146468838586,1950,375823897259726
Región del Maule,constitución,3840,9592033383642357,930,132487,850,13954,10,05,1450,529986,1650,14546,530,41424,50,0923,00,00,30,17,780,99958,2530,5959495450162644,890,1181116376395214,140,16865,1930,3863608440628343,520,4968809812360621,480,8791421918906082,450,3003689004741977,3070,2203423794207985
Región del Maule,curepto,5670,4870105227521371,2750,642312929222525,950,247609639602,30,560,660,68611,610,3196891891045,360,26051,20,28,70,6710811448795,20,03,950,33425,1620,2408376124838879,1990,1070133829635443,70,6855,2750,3535293471447062,1000,636826254846827,210,5889895776129979,600,456479514960964,4260,1329716840668681
Región del Maule,empedrado,2140,3954154356125684,180,436,440,3324,00,00,520,16736,170,2891,310,1453186710962,00,00,00,00,10,03,180,28234746248,1310,1971825276753613,420,3479072745769771,50,461615,1000,2526345893435709,610,5503017201121083,470,6449553315383562,240,358356575228393,1000,748990645437986
Región del Maule,maule,6080,1258441387938569,680,69714268821472,480,12241432531583,30,436,4010,157354352692229,830,1177651,630,92511679095645,200,12465,60,919954403832,100,1668,380,327726047463,260,705532622380563,360,1560151666206853,330,3067711402022,1040,111434927662143,1860,1164688007398665,180,1338507872873109,620,941760999860316,3300,464317474587061
Región del Maule,pelarco,3180,2438208689803798,550,72164366388738,140,1048844544275,140,1964524210528,950,38194099813055,460,252411946982232,30,275,60,053,220,111761886248624,70,20,560,64137857400124,320,4095742467621305,230,2853635040641189,1180,417115363476344,970,3883151491407801,340,1014608643913081,140,815280124854762,810,1233058381579922,2700,597388669448454
Región del Maule,pencahue,5970,5781795176508953,1180,1163808560675,40,37,30,1480,2870,642698,1020,34761635274111,1060,3656084311197,90,08039999999999999,40,490,20,205,780,7586405931375,1180,1759156087446644,1750,1049726632699067,180,1358232727276,1680,3275057585317654,2360,7941218215694833,790,4413038588444453,1200,2694931672316848,4500,1368106236710441
Región del Maule,río_claro,3990,2609742740546445,550,52055,190,2721,250,1659,250,278628,1770,635844387480634,440,1543741643836,60,086,60,451,90,4225,470,8295799999999999,330,4423664997280698,180,1898523621940094,240,124313,1440,3199740995585961,1000,270858556579802,60,1485346139671046,550,523514867552366,2570,1053422898993921
Región del Maule,san_clemente,13960,9075266649711246,3680,275614289867321,2210,77133199793967,360,468866,4150,65645714303467,2860,5815082191886973,510,2240758721072,380,6227,1670,253062965450624,160,52211,3350,24175756145726,1470,1222624122413467,1970,3716839905278764,5000,619120247867746,2830,3290674467226268,3820,5788827497389479,830,3324596876082096,1430,2566333426666536,11480,2481109252462953
Región del Maule,san_rafael,2020,1649831399986722,490,41815,30,32,50,229315789472,490,2064434210524,300,517320699269152,50,6331999999999999,20,024,30,530,40,1617,550,109632689463424,310,1042735368028672,130,358294,680,99192,890,140219,370,1677113495377192,260,489220229519,190,2069987331479472,1750,858537688137522
Región del Maule,cauquenes,8770,105643472851914,1550,12286745127847,210,8040000000000001,20,10,1550,268848,1540,146087996968623,2800,47646573289038,20,0165,20,32133,30,137,880,5635856335762,2240,4054549498528183,790,8359288809694952,120,20667,5420,2305136965848654,2830,9148406697187485,910,1051782169852883,1400,3326134684504245,4940,211169907327916
Región del Maule,chanco,6510,2565277323568956,2140,59231530564446,2830,274869684410625,00,00,870,1613,2260,473655554396375,30,460,40,045,30,9799999999999999,20,0256,2210,83006726527565,3300,1370510087760144,650,2084386731496154,10,130,4260,3447410235939672,890,2172829303308617,680,8135932659572379,570,650327561657096,4410,5225814500022306
Región del Maule,pelluhue,2440,1691080306911409,610,7383353340174,730,38713315589375,00,00,760,73952,1420,68039433681125,20,10,00,00,10,03,40,0136,470,10813032041735,1220,1140001706872047,480,242147422123431,20,45,700,363386695214394,1060,955889755650728,160,187870381074505,310,8993905430675139,1550,3807266010625805
Región del Maule,curicó,7720,3900192158826689,710,40589,230,21639,50,495,1650,648076,4960,8788766061169415,650,2128807361096866,40,1409,10,1600,340,128522,650,4395257077625,300,1722257621434007,400,1715540203749708,90,835,1020,1071752438477125,1920,38676348475204,100,372653734342452,590,1007118095871668,4070,9494676830953811
Región del Maule,hualañé,3710,3311413210361681,950,561748746001475,340,8182511891205,70,1155,980,911955200857,1350,759285062381,380,4384248719546,10,07,80,4546188551205,140,145943,900,349353219216733,1030,1222134356314036,810,47406864095572,160,136652,1800,476039346852,840,1582405497163973,120,5917681616881502,360,572286912713962,3100,724593911576201
Región del Maule,licantén,2040,1705142943299756,770,974870679781836,960,79711265949162,00,00,370,428444799143,320,1247522880151,30,1205,20,06,20,155,60,1502,740,27956,970,7230909211489047,320,2248163190975294,30,110,820,1292323828976363,340,447957414146288,650,2514337016761874,450,291084966255734,1500,6584116971901001
Región del Maule,molina,4500,7328577381600578,640,6130792307696,360,37591,60,1188,390,60698,2840,4395154915862,900,35517978781712,20,24,60,16381,150,2915,570,3711037936331,570,1533556890412983,200,9857417119038915,310,820625712077,640,2410891719677648,1250,3517452736838429,190,2646549113706872,580,283739834211008,3370,979700271000373
Región del Maule,rauco,3300,1526590600002991,540,27198706391978,80,1291563100575,10,20,730,2248524297843,1300,1347358706337321,170,675343680114864,10,075,10,40,100,75,290,1017565214837,120,30700513151592,370,459807,10,21164556963,960,1963448063569132,610,534919793050444,90,4206273417741501,200,6300600000000001,2260,356501004544204
Región del Maule,romeral,4160,8639090698050674,170,12545,110,10548,00,00,140,43593,3600,3851705975776059,130,411713613800806,00,00,30,132,190,2117,200,8443,300,2059979994993521,260,1751802891675086,180,14703,1080,1105223364951742,940,854487907597518,100,144863793416128,490,4823035731555991,2830,557574372349365
Región del Maule,sagrada_familia,3930,4015248399838931,640,39945448472935,110,265,160,25367,1070,47355671549895,1640,6151599331501263,1050,203800190173772,30,3006,80,989,30,158,320,453922914771767,180,4713809939562156,340,5855520333044671,120,322174309979,790,8320785299295081,570,146311213271991,350,5251542739101428,340,2958551751094966,1760,1352576145353051
Región del Maule,teno,8630,4101660469013894,2170,149669293608022,850,20493436899425,250,1434,1030,5062157702157,5440,7550484594435918,290,81007671905586,60,2454,160,7883,190,6488,1100,53343,390,20134211246026,180,1283767499677182,360,508810443037,2700,4130944243248351,1880,1844567553066002,140,302612078625372,1230,8812155,5410,98709987414818
Región del Maule,vichuquén,1400,2066317117483759,430,16127,260,2232788108795,00,00,120,2707,250,34388019939341,20,17559308223516,30,0606,00,00,00,00,110,431881186656,850,1072015335475277,240,2617201706973802,70,2210,880,24766690148755,80,28417470730614,140,3059038587949167,110,769165087182598,730,489479624456734
Región del Maule,linares,10900,4942300287135007,3820,443211321301765,780,2174635236166,100,1450262195117,2190,2770512273751,4280,2978599028146613,250,24015,80,1129,170,14302921021426,170,224748197189,1880,95667824381436,870,3253082610953021,1840,852929712390596,1080,60926613048429,4780,3979719052106293,2180,2515731239403132,1350,841001104995187,1870,1926160966320159,8710,1019581460885419
Región del Maule,colbún,4850,4842804097989463,1430,15326414718599,550,1629752802204,80,1596187499993,670,1224422595183,2280,2357227881012375,40,3695,10,0012,140,25693645237444,60,136770833333,1180,6455020272135,400,5587013285479843,720,1480962155058932,1280,10313648333326,1450,1528848092765875,550,6574240064384489,250,2380317774072061,630,163329343912312,3540,812533840453764
Región del Maule,longaví,16520,6398588539409551,7850,7357834376144,1750,3898619615392,620,35080625,3910,117081395,9530,7793035011522989,50,56726621573068,40,06653124894,190,2249125,100,350490469336,2300,113003876367634,530,1519930532678585,680,1261174537255697,2130,19601215072465,7400,5942174907935175,2200,2260681487931453,920,1754134750316024,1990,3846320418647285,12330,1901657828797666
Región del Maule,parral,12570,8853221993021821,6640,128217315612678,1050,23683030395129,340,7345,2400,47188749218526,5080,3267167677329695,90,587624447911,50,1594,230,96743166666655,40,2712,1140,77906775661069,1010,1869910510988348,770,1663007176378774,720,5832598875126,7230,1885168218634669,2450,4547130886410123,1190,711489564980837,2210,7649274655730564,9070,1518520972763803
Región del Maule,retiro,9320,4330485000186224,3590,65206583911775,720,21819969604871,150,1975,3260,139158229096034,4470,4783123556366915,330,87784,60,27072875106,90,64301833333345,90,1224657166808,1270,76128823589861,570,7175535667453019,270,388174289826453,610,9911251818254,5510,1493626378072797,1460,2555926507538202,440,260880452572438,1200,604734007800438,6590,8738266061414
Región del Maule,san_javier,9010,8150004955818801,2570,286739301641045,850,10119335087704,70,3345,1970,3406450877184,1310,132459742028985,4390,662676612003875,00,00,40,20342,30,0602,790,5130910344828,1450,2210822929628603,830,9898297896707856,360,1112682169491,4380,1353756901704677,2460,9727949754525547,280,8159522975664896,1320,2424567501342865,5790,1308282759412393
Región del Maule,villa_alegre,3560,8726325300003191,1100,1931134298661534,240,30216443775078,80,2153,460,605557684224,1320,132201087848645,850,18122006442137,50,1812,60,1101,130,35089,480,25878512915102,320,125361768995456,80,3502711901004,470,243732778595895,1190,121288916785812,360,40058443899815,110,174,410,409341,2060,264416969859645
Región del Maule,yerbas_buenas,6980,1293616067919316,2750,284156496097885,1070,525173846153,110,1203687804869,500,776641666615,3860,2798684693196075,170,51459686747,10,005,160,1011536545633,80,241883333333,1170,6832093218482,270,468119949778302,100,65336493499957,470,607777501547395,2290,1671740817873565,1170,1030920290021723,290,16694418036376,740,59149436484868,5020,647172456568656
Región de Ñuble,total_región,121710,8079930097955882,50460,79425673,23560,4496113,2120,8489904,25730,45200623,33400,18486627,18240,4715429,840,20497,1060,222676,1000,212721,22220,15545853,21710,2304938510048282,13830,1820550289919336,12380,14953961,72420,1444032249996378,25680,2930718150003599,16560,2269875599961555,17870,2914994509839934,97070,1679142190113775
Región de Ñuble,chillán,8260,2948059115791275,2900,419303569995293,970,20022,120,2761947153362,2540,5682265259825,2630,1839554847501219,1500,532452,60,3474,80,973940593184,150,43005,1630,14070352576639,1070,6121038222497796,500,600904862320744,1140,133923143797748,3860,6491590506779253,2290,2009056665236277,970,1348831313982928,1540,1322191198555923,7040,1087154844807206
Región de Ñuble,bulnes,7380,3294548901055875,3250,57278768803666,910,3149086777175,140,92805,1880,313921131579,1330,24420725845309,240,103269006784,60,2566,100,2783,60,4268,1810,2677138111025,640,4384202839922251,270,538428660033848,1300,20102147292513,4830,84140334128619,1040,1184439634239758,820,931499235553336,960,1482578434332706,5660,116930967236065
Región de Ñuble,chillán_viejo,2700,1775397079553634,590,11877,200,1225,30,400,1180,14649,500,131345,310,14363,10,003,10,60,30,23,300,283406241789,450,7699140437916018,140,386411579453386,150,130908863406363,1800,4841067988477406,310,454699381736562,180,437862940868532,230,251983698873606,1930,4205648923582
Región de Ñuble,el_carmen,11680,6351656397905235,8330,1442038918387757,4540,664785,310,15917852846638,1720,4511447740175,3540,13282389690743,200,2118,50,1606,50,5691159406816,20,2005,3720,15176348453715,2860,7180937963698839,2920,1468861180495036,2220,85887,8220,1468447870003595,1260,1830325605626267,2270,1106567439490665,1980,1586975309386897,10550,1011912158177096
Región de Ñuble,pemuco,3780,4658641240712664,1900,73811475581235,460,40125,130,78495,930,629446,660,19022,00,00,00,00,30,370,00,00,880,33991,990,2226596884418105,830,3584676124329478,490,65056,2570,4487566394791646,390,2008762809622397,850,1238763701359269,950,2269761681743084,3170,1244055692976222
Región de Ñuble,pinto,4420,5432811809994233,1860,4029688,640,38287,50,1325,850,28411,1550,605316,10,005,30,419,20,604,00,00,810,435616899371,1210,4327787889070144,940,1959842870594918,630,40764610062889,2780,2261486500932222,320,593707920836761,500,4984372387144,520,359014746806893,3680,392432589242853
Región de Ñuble,quillón,6360,1445769834982902,250,58650443731,260,1731,00,00,1820,117672868421,2940,7773059473684,2760,4533503691791,230,3106,00,00,220,806,80,233,890,6502342524474943,480,1102028265738402,140,896370364425,1750,864329686259743,2260,755677432336998,1650,1537377621084412,1940,1603712342768264,4980,543837812024258
Región de Ñuble,san_ignacio,9670,212427233146502,6650,6862732558046,3720,829117,470,99091,1290,378466,1380,128693440916351,10,10,20,06,140,20996,00,00,2760,16683947558046,580,2304361903857977,370,217115641320611,1040,74039,5470,3459045770332894,830,5321995553779179,970,37017591037896,1090,507957527195364,7120,88336228317237
Región de Ñuble,yungay,4810,5624413588592396,1420,1035599,810,206337,110,910414,1360,3862536,590,647328,60,236,20,0324,00,00,30,2653,640,28983,1200,2530405527133035,790,8502238020157522,620,25535,3140,2933111237440794,1470,2794290687131005,1070,127476385036852,1100,1196140662860314,3430,1182696556635456
Región de Ñuble,quirihue,3040,3266039035564462,1080,31783,800,6235,00,00,380,179184,250,1955,840,1625107834789,10,0018,00,00,00,00,430,112125,1860,2102448834019548,430,1611397479014841,20,115,2170,4593886178651727,790,1178087776921266,960,1286855067799644,540,1489918025137636,2620,77195530444513
Región de Ñuble,cobquecura,3910,2533939860431686,1700,31447,2520,21975,00,00,230,593,710,3243,110,835,00,00,00,00,50,088,160,385,2800,1642531871318185,880,3452014282547614,340,6986,2480,1377610379609889,960,1237972988846973,1030,884240915270678,420,641540324877304,2760,630530999982548
Región de Ñuble,coelemu,3480,2196929383290507,350,679259444875,1080,2305123222825,10,025,740,18835,570,5759,1640,4859455555555,50,051,00,00,10,01,200,81901888975,1640,146468421008553,570,1903554556973858,60,190,1060,759446018965171,2230,1622768425328065,570,7888524685576181,570,5212168446600319,2680,764042706264526
Región de Ñuble,ninhue,4200,2112711457383099,1830,46839,780,8337,00,00,220,5685,400,5487460725675,2580,4193443778114,00,00,00,00,10,01,230,4965,990,9848363060048585,600,1811604025803802,40,80,3180,4334934470977503,1360,1358083504929247,310,113312567228897,460,1098372652507006,3480,45321720220773
Región de Ñuble,portezuelo,2480,1414456800890021,500,11911,140,109,10,074,150,32418,360,15525,1820,7921806240369,00,00,00,00,10,001,40,195,480,6923162837502185,110,1416232454056844,90,213860400615,1500,23244345985418,470,552488869211305,200,838843259802681,270,575439260935434,1790,391648264751559
Región de Ñuble,ránquil,3470,117093195917344,250,75981,90,645,00,00,890,77187,1050,114676,2660,637142,10,02,00,00,10,0071,190,659,990,6256575427222806,320,1109769999326926,00,00,300,36703000000867,2110,1186867165572923,460,1008739999845152,390,4623529998066379,2800,340376999951286
Región de Ñuble,treguaco,2080,1298988725447473,1040,1898,550,8083,00,00,20,25,180,765,1030,22025,00,00,00,00,10,002,30,39,600,858609061841218,90,1590612926812072,90,198,330,221161547830334,1420,986574583782111,620,37452873578822,250,328875210607883,1050,3772936312419309
Región de Ñuble,san_carlos,15410,5349988696537411,6030,79124830154925,1630,73375,460,152975,2540,627465,4330,1838903,480,7972714285725,80,2949,490,65165,160,68925,3420,27841008508016,940,7343826519042233,570,865951313082831,1250,306696781751,9750,2137783497405357,1830,1395856508043854,850,609029324065073,1810,1554133637968974,11250,105658386245622
Región de Ñuble,coihueco,9350,9478607829207853,3850,7026258731414901,1390,389947,360,84596,1830,6838004999999999,5280,4122268860911371,10,06944444445,20,036,120,2373,140,32732,1800,188789,1120,2903265779412853,1140,3329311771498212,700,16033471942447,4690,6364771225678408,1330,2047859992045853,1250,1622084543982418,1250,3326699113608944,6620,2268329176636766
Región de Ñuble,ñiquén,9740,2925980607797535,5660,50484048385172,1270,209401,110,1294,1550,2113031,2270,157974,30,117048929664,00,00,30,420,20,22,1720,12318941491984,290,5538370968027444,740,1689417583008258,1030,109324818249,6170,882967148662209,1380,1547495408698318,460,706527157844964,1200,714040042148832,7390,674987268453444
Región de Ñuble,san_fabián,3260,1143519974118027,330,93625,440,4383,00,00,2020,11043,1920,86624,10,01,160,0488,00,00,30,2262,480,50545,380,897545886067842,1690,8298851584110183,500,346327,2650,1031302164910749,680,961043126752725,770,348169631602909,770,6599622097050036,2650,4372425210831
Región de Ñuble,san_nicolás,7640,3959956582601823,1990,35741841459903,440,14113,30,3290,1820,145924,1440,116875477419355,2180,64018780288605,30,007600000000000001,50,920,60,4718,1200,57768,1020,9802859868583813,200,1103997150969031,770,103353682733,5600,1474933376328929,1920,3068923457759405,550,1219953286540017,550,125741928656757,6450,689887461909204
Región del Biobío,total_región,124480,1358582104013841,32250,43920611,31560,3491791,1210,7200952,45700,25649549,31020,9924933,6500,2002192,1560,383425,580,1731625,1240,1257686,26710,17295652,48940,6086598250016192,33300,2760125370032977,8510,1345946,74440,94504633,36100,1325858970061249,27440,492629090031113,28800,6679433899975647,102800,2900568199993141
Región del Biobío,concepción,590,1045315749191074,20,20,80,213,00,00,350,169145,300,14227,30,1102,30,0025,00,00,30,0467,30,72,320,6234306532650635,280,1853025613392252,00,00,250,33750999985035,210,23203367778288,180,119438500060434,240,202180167239476,510,355651000390804
Región del Biobío,florida,4650,2684118281274959,450,3589,590,34571,00,00,2070,647895,1820,194607,1260,189117,90,01922,00,00,180,673,120,592,2520,1501689909375107,1530,3076042197141398,130,12621,1570,1363705610645324,2560,1475894708328023,1660,2680166426725444,1270,1273593712141125,2810,920564364017197
Región del Biobío,penco,540,402351899949735,40,58,190,6112,00,00,280,18706,120,284,00,00,00,00,00,00,00,00,20,20,400,2552069896858167,200,600389997049824,10,20,120,170690000089795,190,6113710560032,130,40991800024456,80,46289999873954,430,14556599978073
Región del Biobío,san_pedro_de_la_paz,340,4260319991191122,10,11,20,09500000000000001,00,00,250,50142,00,00,00,00,00,00,00,00,30,054,10,025,60,2393546918088283,20,4564224300816341,00,00,60,3399,30,1042330642667541,50,253540000029468,20,1834,190,25674000324196
Región del Biobío,santa_juana,5760,6045155978524873,1120,7437,3650,150227,00,00,4250,684792,2670,168092,690,56445,20,005180000000000001,00,00,30,00326,1240,220955,3580,3722260580776187,1880,110697787906833,80,655,2680,1098301208849646,2460,7378050870619645,2080,989801061485288,1930,402611998131438,5260,154520744771753
Región del Biobío,tomé,2420,237762193310694,330,2897,1160,50602,00,00,1410,126971,1250,43541,220,30942,190,1625,20,0303,20,0014,190,326,1400,1578015482476908,960,3217110392583382,90,1751,640,653045612184709,1670,991324024573225,1070,1117265427757814,870,830445012391009,2190,968069936810177
Región del Biobío,chiguayante/hualqui,4090,3318072016112739,510,543,1870,78235,00,00,3120,52952,2130,55525,760,30825,200,0371,00,00,110,12,300,5685,2120,175308927191272,930,5619434565117418,40,150,1670,9892495846914,2570,4137334980953416,2110,298777518110284,1210,914309852958688,3200,65646527717643
Región del Biobío,coronel/lota,1140,2397045950323584,80,7001,260,29541,00,00,510,252515,210,5581,00,00,20,022,00,00,60,8540000000000001,270,42681,420,1551539762862548,170,3340698171143656,20,1150,580,1467095000076615,340,1327160203626363,140,384119999902616,170,142798999853154,890,1175245000007948
Región del Biobío,talcahuano/hualpén,240,462686799997636,00,00,00,00,00,00,80,85,10,05,00,00,00,00,00,00,10,01,10,10,60,132469248509844,50,15397331717924,20,3460,150,76107,10,136141492364,60,47227,70,67200278277504,210,885398
Región del Biobío,lebu,2590,4148699699916068,540,139275,1180,145695,00,00,650,20146,310,1354,00,00,10,0001,00,00,00,00,220,628,1780,2343834600443717,950,7533602810065348,170,8725,2010,3585136097426704,760,715748161186975,1170,2387684999463132,1010,230696408233927,1850,1050807844242084
Región del Biobío,arauco,5310,7149102538724722,130,889,1810,21158,00,00,340,75194,330,13209,00,00,60,1159,00,00,10,0002,570,3341,3760,3743650932957282,2100,1276296817551648,170,19895,4440,8631980000133435,1080,1494267015684507,2010,5375973000810608,1390,2189559870833591,2720,2744348594695782
Región del Biobío,cañete,9190,6653843199515594,5460,14940559375,6650,987918,30,1140703125,2230,33875,1550,51316,00,00,120,1714,10,05,40,0319,1650,48453,3690,2587332017017123,1870,1880171593706581,280,150608,5660,474799949986392,2660,7618910271996132,1300,162497699935169,1230,2891376199937143,8090,1661226666770017
Región del Biobío,contulmo,1180,314876850128049,50,46,580,2496,00,00,510,5212,500,15646,00,00,40,0568,00,00,00,00,10,30,670,1889588863741596,410,5307263853040114,100,6424,760,49245199999042,170,4168752087045345,140,149305999759978,300,1671515692399468,980,68428074315361
Región del Biobío,curanilahue,1720,8526706160601827,30,70,260,1848,00,00,240,64226,240,8583,00,00,00,00,00,00,00,00,90,130,1340,5582181493568191,1360,1886657996019053,50,24375,1110,536925714330605,100,4350009521149733,350,2571547142932442,330,395196946872328,1320,2647126784860718
Región del Biobío,los_álamos,2820,4181835400126408,1280,3194,1880,40497,00,00,350,7199,220,2505,00,00,00,00,00,00,10,20,90,306,1550,2072544961804571,880,1464191056163577,310,718,2200,1874951999948345,290,26630242171625,770,1218930000066298,1390,908718992108956,2030,1321071407742744
Región del Biobío,tirúa,4050,2694392599673207,1460,22215,2430,22124,00,00,1140,1593,660,31905,00,00,50,0906,00,00,00,00,510,11391,2860,1384853126055788,1200,328261785005081,570,11629,2610,1342710000070285,1710,6197389172096619,1080,602724000414152,840,6518914568475,3390,29573125669483
Región del Biobío,los_ángeles,22600,1119944487858665,7280,1612116523326162,2650,773867,670,3655673041774795,7410,9063451,3920,40793558382852,100,3343,190,37665,350,9153748233775,360,84789,7480,75821679495808,4060,4009956489731289,2410,3588438101658188,2660,33143569091364,11620,9662166237571522,5320,9481015257610397,3150,3278015438675802,5100,3828345913355134,18660,4586611544266262
Región del Biobío,antuco,1120,6876259000813075,220,47431,130,3108,00,00,450,4516,240,95578,00,00,00,00,00,00,20,0104,200,5295999999999999,220,1400064863820843,510,3099778559060459,20,75,550,1696156199992471,300,147141416208732,420,620767,550,1788003413737425,780,67398000197628
Región del Biobío,cabrero,3070,4203498114559224,510,17882803595786,310,6092,50,3008696875,1050,113898,330,214173,30,1354,10,03,20,844683682093,00,00,640,65114,1040,2259465151138218,280,181126880470736,310,14758527615076,1750,3360076966085648,930,6639183004683933,500,438398711175958,1330,1627766044306424,2600,738333926455224
Región del Biobío,laja,3540,216819550015049,490,523222,190,5495,00,00,1690,46225,1840,345038,560,51231,40,017,10,0002,50,0142,440,98656,1250,1082956662351698,750,1945515589176338,510,39182,2090,203432099997458,1490,3780554790037053,890,312327999580576,510,116183999939006,3250,31357999928036
Región del Biobío,mulchén,6870,1415274043705891,2240,8643295120189245,320,19971,210,1992326153845805,1740,55626,1880,162336115841668,70,70206017258644,90,0154,60,45054,50,4035,1510,16008817731486,3200,6192128279349898,1470,2433951160116155,630,3678475,4320,5345529327620838,1410,2453849504811574,730,2925411191979152,1670,230497505234128,6040,1381473977684785
Región del Biobío,nacimiento,5640,5857746749293741,600,44016,630,32885,20,131,1940,825074,1320,10884,370,4122,30,021,30,230,30,55,320,8864,3350,3039704836214404,2910,911312331100855,110,3555,3260,1728710809183504,1930,1357445994758723,2120,1564573459335066,1760,673452275477008,4360,65448692820201
Región del Biobío,negrete,3810,1096201641166282,1560,262690795672724,340,23124,40,11375,1320,524184,550,62154384158332,10,35649982741356,10,009,30,1380,30,7032,1100,4789862781288,690,1724243572707677,240,314259613684364,520,31355,2160,20882165663182,550,1017135682397902,220,3525960706506,660,233672229185216,3110,499990372865941
Región del Biobío,quilaco,3140,6935635173864297,790,7286916531548,290,5408,40,891079416524,1270,78902,970,4960552448418,00,00,20,051,30,543889789272,10,0019,1050,2964949793672,950,1199293159840244,1740,3713896169553432,320,2921,2300,2615798290260464,1240,4622485921258302,360,5667022834836862,690,4934430151966758,2790,414055248440434
Región del Biobío,quilleco,5480,7623951914455925,1720,33874349634695,90,2352,70,636702862727,1010,5391125,550,174978916873,10,0025,30,250,30,56147829486,10,20,1050,471466118498,2050,3187356174596802,1800,1851139400564097,470,1565253329356,4540,6864975701337358,910,6845398233961165,680,1226256054333192,960,306895658548382,4600,967335297425234
Región del Biobío,san_rosendo,770,8798250072739156,210,3065,100,3613,00,00,370,2444,190,5079,220,15114,10,0014,00,00,00,00,30,65,320,4991279383254981,170,780308225522984,60,91,190,219557251652038,470,2425170286199779,380,143068110427566,160,136569717115564,610,29783098566244
Región del Biobío,santa_bárbara,6360,7054167199291984,2060,2277239776119,370,13145,40,1110,2410,2032569,1500,423181,10,05,10,0001,00,00,20,04,1700,9217909012766,2170,2673322825729911,2980,1628194145624665,390,68234,5160,5803736066681251,790,6243785393550706,920,354895836354063,1130,6494324315046,5890,8028435631598979
Región del Biobío,tucapel,4060,5068292700973302,1340,3700711,760,17157,60,1740,950,21489,920,205872,10,075,00,00,00,00,20,059,1230,45066,1460,2707572774601738,1530,7458243898304654,260,13595,3090,416165400004619,370,5425086364388395,1010,85563300045651,490,38901500014854,3140,610388000371364
Región del Biobío,yumbel,8380,3600216776457338,1960,77608,1900,133367,30,0352,4350,868006,4240,881355,2180,357531,290,1294,30,89,100,0513,1660,1063589,3090,172473007836808,2210,2006248488110242,180,208329,3940,3869896455192149,4440,6337429380174925,2070,1415527527468718,2190,1099576811315327,6900,508077718631229
Región del Biobío,alto_biobío,5710,34802866,110,2152,890,90,00,00,2000,2769,350,636,00,00,00,00,00,00,10,07,3090,31837,150,10168947,620,11142002,70,75,3730,170162,40,5055,250,249397,230,8505747,5330,34889
Región de La Araucanía,total_región,365520,191016797394177,138550,1611052569999695,85300,123902499999993,7640,256756399999993,142340,4314335188,104730,15968605,510,93092,2630,1187878,670,1139755999989,1920,2622042,58180,280044,137600,4360720959619504,129620,5272883030014342,43770,5702196,300800,2944012138000609,46770,9803726898954774,95360,6845652100001564,69560,1543354460007782,296940,25482838000026
Región de La Araucanía,temuco,20140,3104766808595154,10510,40638495241266,3610,304556,530,3339886410656,10900,257635,8320,303594,00,00,450,8489,10,002,110,9485,1440,564313,9780,9365067482095088,5720,3150450381702772,510,131468,16760,792371758537021,2920,1580494441899458,6220,84317299761181,3060,1227273688528187,17990,980093343551818
Región de La Araucanía,carahue,21540,9108956587176927,10160,37196925234451,11150,152035940118855,220,6385779461367,4710,425800566849106,3070,129787293756472,10,05,90,202429032258,20,09,20,051,2680,62669618013665,12990,3500359318642391,6730,1447334788248683,1540,47094190187327,17920,1516949365501224,2600,7720096370841784,9830,6969867573536948,5380,2752199322839785,18060,146517777691935
Región de La Araucanía,cunco,13740,7807261811967786,3560,5128677705043,790,25507720626633,70,4841891891834,2700,23557777635735,2770,1252687781918113,10,20,00,00,30,1200,40,5092,1960,18869704673775,4050,1543853569624991,9220,1887979591386964,4940,876823810566288,11480,1798244344079686,1500,2350120191627657,3260,2353850873740902,2840,2022130905936769,9320,1348820350008871
Región de La Araucanía,curarrehue,6870,286477778,50,21125,980,22028,10,0002,4180,25097,3360,169194,00,00,10,0012,00,00,10,10,1340,283155,790,315505,6100,18560615,910,694645,5950,48225218,840,482035,2130,1087158,2760,1822684,5160,341001
Región de La Araucanía,freire,19460,5135202760211722,8810,105277054550547,6060,1378686703202817,200,10164735318672,11260,34561402036147,8210,137466956439923,10,025,120,1234,30,265,200,237218131416,3990,20399601702144,4130,282190240234641,6070,5119940532560202,3960,808507758709885,16580,137128340813714,1480,1805177114682906,4050,1005411038048069,2860,938514061352427,15860,1128355526415533
Región de La Araucanía,galvarino,14920,4141203734075998,7790,62124872561944,2210,1224840967742,150,12186151612904,6840,97544483871,3850,2609406231884,50,255,40,005500000000000001,30,550,00,00,980,333929,9980,1896112047903132,2640,1329567594526054,160,1375306293578,11810,7346709277611944,2660,1736101687228858,4830,995567659839586,3100,1948760868412884,10770,65307352343312
Región de La Araucanía,gorbea,8220,4571721137112362,1120,6066197914514112,480,45042443071325,40,324245901639,530,170778408377763,2020,187296635064013,00,00,60,64506,50,18572131147,190,326661868584,550,13082325543794,3150,1280046463907797,3350,5046151751032716,1370,183950965699105,6630,9507634158260793,840,3133723312867816,2580,1532596054050732,1170,787451334951155,6710,747641972839325
Región de La Araucanía,lautaro,19160,6210449586348017,9440,1211116291505712,2230,2695454654960658,720,2094561663935,8270,584644673227858,7450,3302005681211018,60,1279,360,3819,40,2275,160,3624,5170,17454565295401,7460,1493933949289795,5410,9483688692983145,1270,19582062903226,16480,115358258928431,1870,340794131182301,3980,1807091388875869,2790,126887819665469,17460,1062660987607635
Región de La Araucanía,loncoche,13380,6331100750067845,1640,19405927149966,3210,1180576315343,10,10327868852,5230,69679783875349,5350,108098735486305,00,00,30,0314,30,16229508196,80,885,2320,9964712953,4570,1893052982829514,9680,1557553010296209,2990,382353643409585,12000,1198950641958325,1390,3503642088152791,4240,1894173689654824,3100,233673552398888,11130,102513833829513
Región de La Araucanía,melipeuco,3630,3849168750004536,280,851875,560,10763,00,00,1370,145185,1420,70477,00,00,00,00,00,00,10,0002,1280,3748,1380,449811516956004,2640,2158908241846911,500,169002000001212,3220,4127706595992,440,43867,990,115879190750988,1170,4182127976494056,3060,25142543200816
Región de La Araucanía,nueva_imperial,22980,4001346974722433,13280,49114021413005,6350,71020410043885,2110,1399732916903,8320,26779000502882,6500,1964771722890767,20,12,210,1533,60,2101,130,16807,2190,4574285886611,8610,1151519065141144,4350,292945082156573,1160,54103,17510,1047960073352584,4310,3284999133028801,4140,691326448566525,3710,1438175367194314,17190,1169020667310324
Región de La Araucanía,padre_las_casas,27680,1649909169217261,14470,39667156456769,6130,3454162566372,560,510424555783,14560,5491973,8820,5590594594612,20,07,290,6764,30,2075,160,2745,3360,7150330927551,5480,959273127204685,2910,50832329729428,1650,54097797566375,20080,4796776,3610,753304000089261,6070,465519229273061,4420,563405299657656,23130,1234707452676522
Región de La Araucanía,perquenco,6880,2488829199997518,2960,1277446214987182,1050,47285218347575,500,3374103645169808,3480,1834252829929,3350,634603705883,00,00,20,0005,00,00,40,236,560,150561764706,3040,12003131255594,1400,829833840326219,990,998735882354,5280,2759905461803566,380,106919522715,1730,466032068520477,1320,563268684496246,5920,349669682100988
Región de La Araucanía,pitrufquén,16190,4254009044596132,3570,3559705209392889,1820,18128285910715,30,1128129566219,7790,949167371916497,5790,79013850199772,20,05,110,0431,40,6134918032300001,80,7156,2590,19354206139086,5720,9722193659905175,4840,4910473103419102,3890,35910089407377,14340,1264033750066423,1140,1346403270244511,3910,113931529577299,2250,129086562981124,14620,1155779986863462
Región de La Araucanía,pucón,4370,132098421988,40,75,420,13047,00,00,2070,27740988,2030,115487,00,00,00,00,30,201,70,7366,450,46121,430,1288528,3590,100043783,440,1684099,3780,6195402,300,19537,850,881641,1020,12896369,2850,3441
Región de La Araucanía,saavedra,17230,2197409326674775,8230,13711224255598,12900,171664284770525,50,2715220538633,3690,145658420120424,2500,579907266516913,00,00,110,167170967742,50,37,10,005,1630,30966181986335,10890,3208851680625465,3860,873754680755922,1270,60298660897293,15990,1023143834309904,2490,853118661266134,5600,825627435605436,3590,98362101953367,12830,516674833447925
Región de La Araucanía,teodoro_schmidt,20340,4460472322226952,9500,503774597731315,6830,1599559988056775,740,741916520051,3850,5623783333333,3060,15858126480305,50,275,70,186,100,13255,60,177,2720,8900855587392,5840,4662150344866963,6720,3540835340126491,3220,178775585791288,18490,1982314305731717,2270,2793789105967255,4220,71948976271527,4190,177287661406589,15700,8816259970011
Región de La Araucanía,toltén,11620,6479638732855571,1440,46554093490269,3140,314446014456325,00,00,3010,280696,1160,4570652220193,00,00,20,025,00,00,00,00,1880,4399347772203,5290,2534280737652088,4480,1069641778230162,2080,201641721495272,10610,12135072981366,530,3808039386964806,5570,2674268906938807,3900,6120033131626086,8780,709382699103548
Región de La Araucanía,vilcún,15590,7574712557642869,6590,164756926790576,2410,1441513910714284,260,1023451343361,4540,4615369935967542,3990,6870646336206858,00,00,150,47106,30,1793,100,162037,2820,22044697789508,3660,9401068449129669,6330,1713851281037163,2700,56974946924812,12450,1462319180757612,1190,1795888982343191,2140,2737154305196261,2390,78902894460691,12340,1070841945422567
Región de La Araucanía,villarrica,14130,5500911007547351,1220,1442321004690909,2890,862275676512,00,00,8910,986884,6540,98545991932625,10,24,80,12162,10,20,170,16794,2110,12638160017959,2180,4122947244965217,10310,2177596919061667,2380,4626924511833,13150,1777950864615059,570,570508999853432,2350,9312198935443799,1470,609696192293364,10820,6934123027526
Región de La Araucanía,cholchol,9970,1935170577046085,6070,1513237632527,2390,181292478681,90,1725,4640,3484313538468,2440,115736,00,00,140,62,00,00,10,0006500000000000001,890,14605,4260,8553021634765453,2120,1219679438866176,310,6138,7480,3531334407628374,2140,1982667324259751,2800,468496,2380,630689999886292,6360,576233
Región de La Araucanía,angol,5770,7677077556436804,1000,78720593335526,830,45998,60,22838225831394,3200,145197886561781,2880,1031134978135525,40,0613,40,0337,10,941844966435,80,1619,2090,8515784237442,2840,3515320801950471,2260,2013644767118978,250,48319835189391,3650,3702515344634714,1690,1046040571255001,2120,1374732582902326,1510,1608250636365893,4790,651195268572504
Región de La Araucanía,collipulli,6220,877602088437489,2330,35844,370,12241,50,5430,3220,608599,1590,466594,00,00,90,6705,10,05,30,9760000000000002,410,1036,2090,4081803130745029,1650,2164648960058996,550,16006,4280,255068799999579,1320,1015846215352663,1320,4315459430389257,1100,2602972304689913,5780,72038614710705
Región de La Araucanía,curacautín,2810,1425852512950957,960,665229600333638,90,2275,60,907741859584,380,2792,370,5251055687889999,00,00,00,00,00,00,10,31,1070,15046738064516,490,523946213682773,1930,7849126229435248,280,2055257096774,2280,6557565379843206,280,788154849335575,230,6219514000000544,260,3558999385610933,2170,3683838426985
Región de La Araucanía,ercilla,750,2409739402618212,470,38730205145935,70,3292,100,946071166408,70,1749464386129,120,37036609653225,00,00,00,00,00,00,00,00,120,821572633548,210,10968756186753,340,2727206493732211,120,109026,450,36394575921227,160,2490745866075427,110,60989689704414,160,2196867638430008,570,236529373879138
Región de La Araucanía,lonquimay,10570,189936529,40,65,130,11512,00,00,1620,10233,400,10151,00,00,00,00,00,00,10,10,4820,89795,1450,117742,6060,94818431,1510,14064,8680,26679447,2760,4075192,3120,9669383,3180,4993701,8690,12359
Región de La Araucanía,los_sauces,6150,6041223896819275,1770,2106222159558,810,964144049416,30,12970958073,2190,549908701317386,1520,25452532534632,20,38,30,1512,20,265,10,05,1320,1358591992751609,4070,3258527889404909,1980,4985127169797026,310,1111425912994789,4620,8849130787438817,1510,5893556949261529,1460,89930189686986,1160,152057544227538,5030,535075582046984
Región de La Araucanía,lumaco,6680,6525234019765578,1330,8612319381211,1040,836953759398,70,262797197405,2110,559977184994382,530,295407243157,50,225,00,00,00,00,10,20,820,19818205686371,4910,3877253136190254,2350,7362467402073442,140,15677297079089,3940,3260677751352815,1110,8759505226832036,2380,3073515104264038,670,1941159532587603,4770,666533314372171
Región de La Araucanía,purén,7220,2837763831461342,2150,6411813146899,3140,26390064769,10,10,3230,44075662484854,2240,801790932875,50,125,40,0186,30,1375,20,15,1920,6363095981753399,4730,1119895636612945,2640,5050951177265484,220,505835602094,5960,6955350149249407,990,79414422989438,2040,1486479948324142,810,675218394628935,6040,483747172584627
Región de La Araucanía,renaico,2470,1717734485855035,740,158998551931624,360,76518,70,15401774168606,1330,12066044603437,770,903793111857,00,00,10,009,50,1753155033565,70,449,1110,607453898978891,680,706566494262347,120,64008534756067,100,44389253095,1380,2213740637077362,740,2498072881346237,310,121773498971042,350,240905415555195,2100,28047538323731
Región de La Araucanía,traiguén,7360,6300864043979141,3990,134336663524069,920,3974984746544,570,36332168623351,2690,1650148953034192,1610,109225915740473,70,478,50,4363,10,10,10,004,1020,73901125714905,4010,213923564210459,2250,4977198113760305,1460,1575687915377411,5030,7589881716695983,950,3165744071775962,1260,753073837066526,2310,2835587961680188,6530,1205240403135524
Región de La Araucanía,victoria,8620,8602100426469881,5050,2616742295586738,450,1120074403139,700,5543319997446192,1890,5608098973437,1310,819071,20,120,20,05,10,100,50,5765,1140,18912355089824,1530,1864991165473218,2580,877743315487642,1310,15714027577836,5580,6564167428587756,900,5304275143093521,1000,899757482521662,730,8242119056125208,7510,1394534694634214
Región de Los Ríos,total_región,87490,1224008426857959,8840,238695500000463,20700,46237910000156,300,25369200000033,36180,79892035,29180,6297674,100,300,530,557157,80,233075,580,471428,13080,262903770000225,19010,1966092769995307,50670,59495161100703,28240,1297527780001097,68810,88111672,5640,8118227999689358,23120,461140990010237,19400,7608457499996905,75520,194830210005189
Región de Los Ríos,valdivia,3530,6779887519284304,120,860575,810,17111,10,22,1490,23287,1200,67843,10,35,120,9763,30,21,120,8088,340,308555,1290,2472930151077264,2450,2569284634190703,530,30231051970836,2680,3319522000003814,200,1706164434597557,1310,5020684999767917,890,1758837941603596,3090,1245390767106894
Región de Los Ríos,corral,1670,437910991657867,20,055,620,12863,00,00,1060,22289,590,24129,00,00,70,022,00,00,10,0012,60,248,610,1359530428016068,1190,246915456402916,370,168188,1260,54595400000806,150,31128,670,3822399999431729,590,261056999995597,1450,6129792458990449
Región de Los Ríos,lanco,4570,3404075204650178,810,62785,1730,89941,00,00,2470,62164,2410,436393,00,00,10,025,00,00,30,348,1470,17862,1450,1093281394091825,3190,1144031247526882,1480,127268,3900,4490739900285257,270,89123480249406,900,63357672734548,620,441019999993936,3990,93209620019598
Región de Los Ríos,los_lagos,5380,1059671127037623,190,19748264735668,410,503489375,10,1500,1440,33755875,1080,97411714249952,10,08,20,021,00,00,10,0035,550,32995223151124,1270,2468675899792243,3300,4033783303871725,1720,2016292990483495,3920,8145055670561409,130,613198715563144,1050,2362597749857531,870,860206058392486,4680,2314916824234333
Región de Los Ríos,máfil,4090,4876619399895328,200,28250,340,74559,50,29832,680,31102,1270,317023,00,00,10,006,30,137355,10,0045,710,195353,1110,1421829684622069,2720,1406418393647225,1820,590676,2900,3467916000002137,210,1562079740360576,1660,2313605000299663,770,492700000005102,3790,110365847559285
Región de Los Ríos,mariquina,8940,8852573838495156,530,3236982,2760,510761,40,29612,4550,822187,3370,64836,00,00,10,005,10,26,150,18217,730,872702,3070,3286985169324321,5610,2816225081242183,2650,4160425,7690,7240588099702363,1120,1225456143490389,4040,5020028273249264,2830,1860449000006405,8330,2318678662838101
Región de Los Ríos,paillaco,6670,6988548165127712,780,3274317410695576,880,1415191952476,40,32521,1110,34257,970,66018081381248,00,00,30,1225,10,3002,20,05096,730,134966439541,1590,1646030709498445,3810,1534913856035576,3460,178616656660378,4460,6902158575040131,320,434288709746402,1110,2362854230617743,1310,2046483633421941,5410,1378009008678827
Región de Los Ríos,panguipulli,13220,2493569771832727,1610,16707,3360,213141,30,72922,6750,188811,4760,1597376,00,00,50,01922,00,00,80,34232,1990,228022,2150,1696006220836172,10210,159793860084926,1970,612534,11800,1616031700000154,1590,479367014728825,4070,1228082500010953,2660,2738105299999729,9400,349306947514779
Región de Los Ríos,la_unión,12270,1627084706327308,1880,4271889830448256,2060,810825022636536,80,257914544041352,4030,11001625,4960,684424218688,70,117,130,22855,10,10,70,9065,3690,57156588385287,3560,3502714693993498,6630,855491900074864,3170,1323934998196,8880,78280678806085,670,503547438722414,3070,4730534769954801,2830,1409353553680555,11130,2546500856040282
Región de Los Ríos,futrono,5450,9791823966501968,820,640486766148,2680,250945,20,801,3120,6606431818182,1290,18718,10,140,00,00,00,00,10,0004,380,19113844509714,740,3652296524071588,3170,6346799827354875,1340,1118000910172125,4650,711202154083227,380,12481,1500,3176220000000122,1910,4697025457468935,4710,1357694232075542
Región de Los Ríos,lago_ranco,6610,1111615420002271,560,4349239198594,1730,2000258355136,10,28343558298,3190,5464543303497,1500,17511395608395,00,00,00,00,00,00,20,0208,180,46225,1040,601480001401696,3540,7399521458550556,1860,3651894628113,5610,7144097425449606,130,222809999859401,1700,2350809400824511,990,2139594837840194,4820,4692860803497
Región de Los Ríos,río_bueno,16830,1440879442326331,1580,4051448599328268,3410,978078251889464,50,395001100132148,6340,9030977378321,5890,52553386891605,00,00,80,4146,10,600,50,4056,2510,634821,1740,2875656961538392,6030,5240723725012879,8460,430004305203591,11620,1575523390750492,610,32414300012659,2420,2039962849565406,3500,1348044097700126,15870,1710741172359561
Región de Los Lagos,total_región,183430,2629360929498168,7800,182531100000063,76920,101654530000023,310,99667,66670,14669319,49420,4725695,120,1296,840,549724,170,397172,700,1901662,23370,266935590000097,28700,5280480899831426,116290,1532386687000215,65600,240560406999882,145500,196525627,11200,1263154199974057,69400,1100493970000025,36120,4073279629999976,131290,141178079999974
Región de Los Lagos,puerto_montt,8170,9982677470000015,460,300253,3630,235215,10,10932475885,2360,333827,3310,131888,00,00,190,01642,00,00,60,19028,1190,559579524116645,1910,5239246827301,5330,742693039199826,2150,45797273838702,5890,44044435822762,870,2705554,3860,23112624905363,1980,9271804990354,7160,497275178545605
Región de Los Lagos,calbuco,19310,2581779470001484,120,73,13630,474994,00,00,13050,2161777,6850,163845,00,00,90,0318,20,0204,40,084,2300,26443,2150,23935635854524,11490,817083364654084,3430,154039,17330,7942111,760,5431850000000001,8690,2585125140018,2630,9049291680016,15570,609548460002
Región de Los Lagos,cochamó,3310,7265145339933869,40,25,1870,5306,10,05,1770,146294,1620,72533,20,27,00,00,00,00,00,00,350,456,120,27040117605548,2990,6352763452385031,1050,55386,3040,3090772,70,77374299432912,2210,4101238,460,6801700000000002,2380,158481
Región de Los Lagos,fresia,5950,4549235473942053,650,2305390823964,1750,16022150419331,10,186248153628,1100,38505,1650,17660700000005,00,00,20,0453,10,25,40,39,1730,222991675662702,1550,2591495815320955,4230,1252908354766732,3100,1264824118034754,4270,8323284355978443,260,2345221775705,1840,1090257034933458,1720,1036875156277099,5300,660483033438244
Región de Los Lagos,frutillar,4010,482500420000066,460,19313389912152,480,5094799834728,20,1030,500,7311,230,274777,10,10,20,135,10,1395,30,1183,580,275843634424,300,41775,1680,5336689450569475,2450,228681668542112,2780,1097731891815377,110,143847268848,650,96721974894,470,781617544396,3010,100725889596015
Región de Los Lagos,los_muermos,13480,7369005449997235,1990,16070083783008,4630,17605279782244,40,1335,2130,409171,1900,127304,20,225,10,01,00,00,150,01994,2740,17121817191445,2060,637284412883,10650,2287511266865827,9050,2574896507241771,7860,1165857387048981,230,188325,5950,40196962491111,3490,196428392224,12000,121382472850275
Región de Los Lagos,llanquihue,1970,2949821999985079,430,12825714995344,600,10839929466048,10,700,430,9291,320,6297,00,00,10,05,10,1549,00,00,460,16768275370936,330,1353692550006,1290,43890425298784,1160,139391470852016,1340,5122314254275086,80,1143168224295,350,397612054308,500,5693254146918,1680,490039600833
Región de Los Lagos,maullín,9110,3174555099997359,360,138300344601,2860,2771682329215,20,40,1240,24078,910,6507,00,00,10,0005,00,00,20,10,1680,101376101083,1840,16093614145476,5300,768867888663049,5290,73053983322172,5470,7440292581225,990,629305,3380,27994501208519,3280,22492768319984,6370,5004052441505
Región de Los Lagos,puerto_varas,2320,2933681896000307,250,6716340768853,280,5044068660953,30,499067524115,290,197316,230,15446,00,00,00,00,00,00,60,40901,380,513430369058055,520,572976736164055,1700,1923918763877828,1230,1121860168476099,1510,1022792910484081,90,212249073142042,680,60948395714302,960,704157177212136,1800,418542656246045
Región de Los Lagos,castro,8730,1233682539999965,150,83,5900,301741469026544,00,00,3200,493564,2970,108163,00,00,60,0961,10,0004,20,0238,200,1182,440,36295,4120,299675269911476,1430,9374449999999999,7530,5593324831858344,550,380925,2930,1426394,1130,224017,2670,154708
Región de Los Lagos,ancud,11590,5280406169998804,150,8755,4050,130911,00,00,5710,431967,3310,82738,20,101,30,019,00,00,50,0711,970,27087,1780,574851,7750,28183289188175,4650,7329324087815,8800,1143645972399805,850,317447,4330,2603858,2440,1329736,10190,490715
Región de Los Lagos,chonchi,7770,8687330029970688,30,095,4870,253105,00,00,4630,376523,3130,63441,00,00,10,05,80,0517,00,00,1280,301833,390,47282,5880,7527604599970688,3500,2871271,6390,5546534,370,135995,2430,1346123,1380,463948,4790,102565
Región de Los Lagos,curaco_de_vélez,3590,3293519653845855,50,245,2720,106009538461535,00,00,580,55945,480,1072,00,00,10,002,00,00,00,00,20,20,90,595,2030,637988230769,1090,391605,3210,176376538461532,140,3156,1230,22868,410,67327,1550,3985
Región de Los Lagos,dalcahue,6640,1696095594616645,30,125,4430,149127992511921,00,00,2420,217811,1320,38998,00,00,00,00,00,00,10,025,1030,206438,480,208477,5030,571646288194124,2070,1384128912185,5850,5747260059528286,1050,67178,3050,1694422,2200,988763,4310,131817
Región de Los Lagos,puqueldón,4530,43128198,30,25,3600,179033,00,00,2120,250868,790,21685,00,00,10,0008,00,00,00,00,660,4805,160,518,2770,901104,1080,179845,4330,2526207,170,4562,1210,216649,300,43996,3790,117856
Región de Los Lagos,queilén,3630,7298983000000001,00,00,1890,7947,00,00,770,314,700,2415,00,00,10,05,00,00,00,00,00,00,60,3565,2970,454831,1290,484371,3050,1549912,40,1813,950,467995,80,2454,1440,6664
Región de Los Lagos,quellón,6290,2037047740002931,10,20,2350,429376,10,02,2560,297454,1950,178314,00,00,10,025,00,00,10,07,570,30044,190,24365,4460,1906877450002931,2010,167659,4850,5248492,530,118544,3790,3707932,1470,589375,3660,223712
Región de Los Lagos,quemchi,8290,17570268,10,05,5890,231132,00,00,4640,34773,4000,123739,00,00,30,0209,10,0002,40,162,1760,185071,1640,225072,6310,730945,3830,2652523,6460,4697645,400,92459,3860,1346814,1450,542766,7260,126493
Región de Los Lagos,quinchao,7850,7220402400000001,110,9012,5870,285937,00,00,5090,777864,3390,104252,00,00,30,0058,10,02,10,40,1020,104249,1770,90965,4730,148991,950,12168,7340,374886,1120,231014,3990,760744,460,82171,3450,109564
Región de Los Lagos,osorno,6810,641003538737214,570,4359288231564095,610,4764288700176,60,1980848153628,1030,500467,1320,1104931239049155,00,00,70,49,10,40,100,10818211764705,790,295977719268239,1430,289353877222277,2500,5716032793179659,2900,3061009024786875,4310,1138055284598658,300,417892589039558,810,506063323475234,1620,201375201914042,4130,1296792116485363
Región de Los Lagos,puerto_octay,3360,7944131659295809,90,402681365576,40,95241820768,00,00,170,1826,100,4555,00,00,30,35,00,00,10,04,570,332447276382415,430,9101328187144703,2270,2723486116174094,2350,302214178354964,1780,2841340559104035,60,2519590498684623,750,1260086493780441,970,11669324459,3050,1222087460938784
Región de Los Lagos,purranque,3450,4685959321531561,150,11826,110,4061,30,1390,310,1238,220,51844999999995,00,00,10,08,00,00,00,00,160,11297028571434,500,573153205747895,1670,887770647692314,550,1218095477887772,2950,1380166291686354,120,219096684646,550,1011954819585934,760,10292929591033,1380,618359664693668
Región de Los Lagos,puyehue,6930,1456241691687458,70,3029298411271392,280,2775,30,5699999999999999,430,10039,410,6642333333335,10,025,40,2375,00,00,20,07558823529500001,670,249870761513688,370,1213641530767655,3160,8708157439237768,3620,202414000165026,5190,152585446023391,50,13245,1060,150336513884601,990,1641078624529758,4360,79480157066487
Región de Los Lagos,río_negro,5280,4457590380984507,210,9465997490788,440,3222052832206,20,337503692744,800,481515116279,1150,617985490837095,00,00,30,35,10,952,20,37,870,178357865745046,920,7243788167749432,2160,493239356659565,1310,154822764306501,4670,9162359208245472,390,57581470234222,1630,820554325501696,1250,1332379581383661,4870,1171666765887578
Región de Los Lagos,san_juan_de_la_costa,8060,5107804068817443,510,844,1690,1025869767442,00,00,2800,1052604883721,2170,972639534884,00,00,40,01762,00,00,00,00,490,1645058139536,4610,1219145856518998,5540,270268483006633,770,28799,7190,6054268372093782,1000,1009499883606479,3460,2959480000001282,690,214609999999976,4510,779692134061336
Región de Los Lagos,san_pablo,6920,2748257501059477,850,2642398698159565,870,30395,40,1880,3160,1560662,3100,345538983292,40,575,50,0601,00,00,30,9036,1160,2326259838709,2430,282408938644158,2490,1472601775394358,2350,996138608479999,4930,5525842103508965,220,348555999998732,650,423988450702909,1560,743427000000164,5640,478638489587507
Región de Los Lagos,chaitén,2840,7869940170001904,20,0898,710,1864,00,00,530,9009,130,6855,00,00,00,00,00,00,00,00,30,12054,20,25,2370,51574714695912,430,188513,2480,51973710410704,60,227579,1620,4720274,350,21637733,1780,198278
Región de Los Lagos,futaleufú,1460,658322028,150,197,30,325,00,00,90,45628,20,30,00,00,00,00,00,00,00,00,40,400,160,1705,1290,3323676,750,5262,1410,35967,10,309,860,784472,220,203100,520,7372
Región de Los Lagos,hualaihué,3040,115101010000014,20,06,1180,31925,10,001,2280,3856,1260,47422,00,00,20,0009000000000000001,10,0145,00,00,60,62,210,15080253165,2430,7802065201266,440,20028101266,2660,1420346683549,510,13582,1610,176121803798,940,33211903,2830,210838
Región de Los Lagos,palena,2060,6955540250000001,190,290,100,4027,00,00,500,29255,590,25635,00,00,00,00,00,00,00,00,120,285,440,3984,2010,34114796,970,5320,2030,5241139,10,1500,1830,6588915,840,2228691,1810,153155
Región de Aysén del General Carlos Ibáñez del Campo,total_región,19680,74363429595,310,182602,1940,124953,10,0125,4460,1106005,2370,33161,50,312,100,6241,120,5269,90,72,3870,11857175,2750,30855681,14140,2583207835,6150,24939038,17040,308368224,2410,5641035,8130,265413022,7440,4149837685,11740,4634808
Región de Aysén del General Carlos Ibáñez del Campo,coyhaique,7770,4328194289992598,120,1125,930,71777,10,0125,1880,39692,650,35259,00,00,40,5509,30,274,30,125,1990,9065939087196,1720,1836674427723572,5720,1377910231402723,2680,138092157692305,6810,1361881833602667,1060,8340428249674009,2100,28097971,2370,7754592199999999,5920,33204901153846
Región de Aysén del General Carlos Ibáñez del Campo,lago_verde,770,3845656199999999,00,00,20,08,00,00,40,185,30,086,00,00,00,00,00,00,00,00,40,2132,50,1700,690,21198095,370,14085,640,7567634,100,67389,400,1384604,310,8051551999999999,200,7767
Región de Aysén del General Carlos Ibáñez del Campo,aysén,2450,1334765973200017,30,27602,110,7024,00,00,240,73922,70,305,00,00,10,007,30,70,30,56,220,706045912804,300,6117433830124081,1700,5765677666753485,1080,49104092307695,2130,1644174063973334,380,3287848826622105,630,4641724,710,680070985,1110,1887648846154
Región de Aysén del General Carlos Ibáñez del Campo,cisnes/guaitecas,2270,6465471695,90,285,60,545,00,00,190,116545,150,97,00,00,00,00,10,025,10,024,100,985,50,217,1840,43787901,880,235119,1990,10069035,100,8977,1470,2387516,500,1712484,360,5068
Región de Aysén del General Carlos Ibáñez del Campo,cochrane,1280,1132821485,30,80,80,2997,00,00,370,111465,230,8352,00,00,00,00,50,1804,00,00,190,11175,230,9830,960,33464413,270,5390,1040,25187403,80,98643,1000,18157434,780,32684223,240,11421
Región de Aysén del General Carlos Ibáñez del Campo,tortel/o'higgins,390,18514321873,00,00,40,0562,00,00,160,05853,70,162,10,03,10,003,00,00,00,00,20,25,30,1250,350,447283074,20,3120,300,6504493,140,4412,320,99607156,330,1297112551,260,41116
Región de Aysén del General Carlos Ibáñez del Campo,chile_chico,2610,361668672,40,60,450,2263,00,00,780,2816,720,252205,40,282,40,0632,00,00,10,001,820,44353,170,191895,1130,7018871399999999,340,32075,2220,14739984,380,3401135,1190,10708456,1390,25916304,2160,471656
Región de Aysén del General Carlos Ibáñez del Campo,río_ibáñez,2620,2311261760000723,00,00,250,13713,00,00,810,1012,460,20564,00,00,00,00,00,00,10,01,510,20996,270,3152852892640197,2120,6680528841843791,590,1287973,2300,23561045,230,3838171792370388,1230,24703565,1270,1551497044,1660,370221
Región de Magallanes y de la Antártica Chilena,total_región,5830,115035326638,130,8225,1080,39712,30,0308,1590,282808,310,6292,00,00,50,1003,00,00,140,20099,1180,980039,120,9664,2300,3036385168,740,128472,4840,5220013201,830,68496928,2260,473825907,1450,2676762009,4350,5214252
Región de Magallanes y de la Antártica Chilena,punta_arenas,1740,4607925580007789,30,825,560,22026,10,025,800,15289,160,4560000000000001,00,00,50,1003,00,00,110,1734,120,3990,40,3125,610,12913676558975,150,15597,990,90309407816081,540,577380988718,320,12494882431045,500,22071222788718,1180,3349213895429
Región de Magallanes y de la Antártica Chilena,laguna_blanca,320,2755052300021587,00,00,10,40,00,00,00,00,00,00,00,00,00,00,00,00,10,0006,60,12822063156278,10,40,160,267460360673765,60,5820015760204,300,2063954982270629,50,993693312102,90,24369818877574,60,598579420702,110,1989356104571
Región de Magallanes y de la Antártica Chilena,río_verde,350,26311008999921,00,00,10,10,00,00,00,00,00,00,00,00,00,00,00,00,00,00,50,12338947368,00,00,240,87953441374515,90,3624122807,320,114200092150565,60,1568719836214,150,1215885861405,110,2784668195414,150,4048
Región de Magallanes y de la Antártica Chilena,san_gregorio,260,5973299999983354,00,00,00,00,00,00,10,002,00,00,00,00,00,00,00,00,00,00,70,4188989475722,00,00,30,27292960976085,40,8198756169796,260,4835258926592941,30,235500,110,41335321354881,90,43696995322,140,12537
Región de Magallanes y de la Antártica Chilena,cabo_de_hornos,210,176225967,00,00,60,018,00,00,120,0812,20,0025,00,00,00,00,00,00,10,0003,00,00,00,00,190,288055627,00,00,150,952822045,10,0555,110,294592,100,518433527,170,0976
Región de Magallanes y de la Antártica Chilena,porvenir,1220,6811964916014435,70,275,220,8406,00,00,240,41456,20,003,00,00,00,00,00,00,00,00,520,33452573926851,50,2036,190,1480698458886,220,3419790705015,1200,5535052282156447,70,147073,770,8397587553572,240,200122722554,1000,618235308118788
Región de Magallanes y de la Antártica Chilena,primavera,430,3181309599985515,10,15,00,00,00,00,00,00,00,00,00,00,00,00,00,00,00,00,90,4611306606777,00,00,10,18559762425,140,1062209294985,420,283830661962651,20,4420,170,1813003687328,120,135450949152,240,4727286675077768
Región de Magallanes y de la Antártica Chilena,timaukel,230,623134900000005,00,00,00,00,00,00,00,00,00,00,00,00,00,00,00,00,00,00,40,2752719466372,00,00,210,26089430878689,30,9110,220,1816509258217044,30,28430,60,12548197591,140,1635176628294,130,4945330243734352
Región de Magallanes y de la Antártica Chilena,natales,1600,6024668411199311,00,00,220,41,20,0058,420,80142,110,1677,00,00,00,00,00,00,20,275,270,282410438495,20,0503,770,210962092527535,40,6695,1450,2218493092341144,110,3288765821305,650,16977393026166,210,1521274583817508,1350,12481010438495
Región de Magallanes y de la Antártica Chilena,torres_del_paine,280,4974043530002059,30,450,00,00,00,00,00,00,00,00,00,00,00,00,00,00,00,00,100,2102319561505,00,00,200,1162561855954,50,1990,270,1352803568058534,30,5503935808355,180,9609306546078999,120,141737168812152,230,1873209561505
