Total Nacional - Región_0,comuna_56_1,número_de_upa7_2,superficie_(ha)_3,número_de_upa_4,superficie_(ha)_5,número_de_upa_6,superficie_(ha)_7,número_de_upa_8,superficie_(ha)_9,número_de_upa_10,superficie_(ha)_11,número_de_upa_12,superficie_(ha)_13,número_de_upa_14,superficie_(ha)_15,número_de_upa_16,superficie_(ha)_17,número_de_upa_18,superficie_(ha)_19,número_de_upa_20,superficie_(ha)_21,número_de_upa_22,superficie_(ha)_23,número_de_upa_24,superficie_(ha)_25
Total Nacional,total_nacional,1386280,4574256515956164,97600,48129755983871,413640,1123718344172803,267820,1872042692584142,238270,3281646494103421,189870,5832334512363597,77710,5359920470633383,43520,60064368789072,30790,9468535893312059,12410,8540830907121255,6630,9116990543616049,8020,4067750651028187
Región de Arica y Parinacota,total_región,12670,421712261,1530,78281,7320,177735665,1830,121033,920,11838,530,16088406,110,70814,90,11650,130,475289275,120,813117,30,38170,60,39727945
Región de Arica y Parinacota,arica,9620,20038905,1160,64575,5960,144479665,1410,92721,670,86736,320,9399005999999999,60,40814,10,1000,10,27589275,00,00,10,178705,10,1322398
Región de Arica y Parinacota,camarones,1220,8366171,270,9281,580,14068,190,12525,100,1230,40,1030,10,600,00,00,00,00,00,00,00,00,30,780496
Región de Arica y Parinacota,putre,1510,363580085,100,4915,730,17568,170,11777,140,18515,110,38914,30,1900,70,8950,90,31690,50,295117,10,10500,10,35445226
Región de Arica y Parinacota,general_lagos,420,297271,10,001,90,197,70,471,20,2109,50,1530,10,500,20,2812,30,13080,70,51800,20,27670,30,199000
Región de Tarapacá,total_región,8350,23634463311,3330,1376645,3530,7669986,690,446608,360,469645,200,6500,110,682129,40,4620,50,160395,00,00,00,00,40,2358227336
Región de Tarapacá,iquique/alto_hospicio,130,769475066,60,2753,50,118136,00,00,10,1818,00,00,00,00,00,00,00,00,00,00,00,00,10,7691476
Región de Tarapacá,pozo_almonte,1800,8453008559999999,520,24746,820,183554,210,1216,100,12167,30,880,50,295226,10,1135,40,124845,00,00,00,00,20,8431041099999999
Región de Tarapacá,camiña,1830,205928148,1260,47128,530,8676,20,1282,10,110,00,00,00,00,00,00,00,00,00,00,00,00,10,20577044
Región de Tarapacá,colchane,730,5012591,00,00,210,50098,190,131662,120,147535,130,4390,40,2735,10,1415,10,3515,10,96205,00,00,10,2515746
Región de Tarapacá,huara,2150,10653616175,840,336055,1090,236532,120,7146,50,696,20,450,20,1048,00,00,00,00,00,00,00,00,10,106480062
Región de Tarapacá,pica,1920,164895612,730,33205,910,219061,150,105186,70,9505,20,765,00,00,20,2070,00,00,00,00,00,00,20,16415961
Región de Antofagasta,total_región,7220,5688403896,2860,139713,3470,84546,580,367975,170,20814,50,18014,10,519,00,00,20,8650,00,00,00,00,60,5685745568
Región de Antofagasta,antofagasta,1030,2551720838,930,45158,60,118,10,78,10,111,10,222,00,00,00,00,00,00,00,00,00,00,10,255162278
Región de Antofagasta,taltal,620,4002785000000001,380,2273,220,3482,10,65,00,00,00,00,00,00,00,00,00,00,00,00,00,00,10,399638
Región de Antofagasta,san_pedro_de_atacama,3260,196897452,790,3424,1920,498209,340,222625,120,15574,30,12842,00,00,00,00,00,00,00,00,00,00,60,195858218
Región de Antofagasta,calama/ollagüe,2320,296272956,760,36375,1250,297221,230,13627,30,313,10,2952,10,519,00,00,20,8650,00,00,00,00,10,29482537
Región de Antofagasta,mejillones/sierra_gorda,120,141233664,110,477,00,00,00,00,00,00,00,00,00,00,00,00,00,00,00,00,00,00,10,141233187
Región de Antofagasta,tocopilla/maría_elena,50,119114816,30,063,10,40,00,00,00,00,00,00,00,00,00,00,00,00,00,00,00,00,10,119114353
Región de Atacama,total_región,13520,446345424,2510,128179,6740,1607766,1550,103386,960,13015405,750,2263964,360,2421816,230,30704795,160,48045765,40,2721116,70,920438,150,44348965625
Región de Atacama,tierra_amarilla,1130,85092721,100,301,290,7542,110,762,70,9662,160,47574,80,55904,110,151872,70,198428,20,13619,20,315357,100,84162271
Región de Atacama,copiapó/caldera,2080,1072608812,290,14982,1030,23483,280,19087,200,26235,100,3283,80,56502,20,2203,40,131758,10,84109,20,22830,10,106635049
Región de Atacama,chañaral/diego_de_almagro,150,211052872,90,265,30,35,00,00,00,00,10,340,00,00,00,00,00,00,00,00,00,00,20,211048857
Región de Atacama,vallenar,2570,1892519650000016,310,1572,1260,3172949999999,270,17597,230,30639,250,8259000000017,150,99643,60,7944,20,5207075,00,00,00,00,20,1852991525
Región de Atacama,alto_del_carmen,4690,1840184329999983,1100,62301,2690,627756,470,30605,210,28823,120,359714,10,52556,20,22808,10,3510,10,518126,20,27370099999983,30,17848761
Región de Atacama,freirina,1310,2796446,430,17756,480,12041,80,5363,150,2235505,110,27736,20,14485,10,1868695,20,77122,00,00,10,10008,00,00
Región de Atacama,huasco,1800,533226540000001,220,1326,1020,2440250000001,350,236689,110,1388,50,15735,20,14972,10,1600,00,00,00,00,00,00,20,5222281
Región de Coquimbo,total_región,69290,1895692284,8670,43279225,29760,70813765,11780,78938950000001,9290,11961297,5060,1438319555,1440,97327735,880,12278831425,790,25164858775,350,25794053,370,532701875,900,17276990235
Región de Coquimbo,la_serena,4850,1544474500000023,750,3740125,2070,42603625,660,45324,810,10410,250,7197700000023,110,72564,50,5950,60,15539325,30,212423,20,27000,40,1440712
Región de Coquimbo,coquimbo,4190,726815059999977,920,47346,1600,33267875,670,458565,470,58123,290,84643625,70,53198,40,55076,70,25844599999977,10,78936,20,276288,30,6319581
Región de Coquimbo,andacollo,1260,78051,130,6537,610,15639,30,217,470,474863,10,230,10,9802,00,00,00,00,00,00,00,00,00,00
Región de Coquimbo,la_higuera,1040,9475009,200,1003,540,12056,70,382,120,13595,50,1496225,10,510,00,00,00,00,10,7726,00,00,40,934721275
Región de Coquimbo,paiguano,1430,144241038,350,18309,520,114903,150,103816,120,15926,90,2601,80,550167,40,628833,30,8472,00,00,00,00,50,14155845
Región de Coquimbo,vicuña,2120,394719627,400,21045,460,11452,290,199934,300,357261,290,856009,50,29522,120,175754,60,2109565,30,2292133,10,13565,110,3853599
Región de Coquimbo,illapel,5000,1823958540000001,440,20462,2030,455594,1070,7479390000001,690,971156,470,130691,150,100763,50,73098,30,99975,20,17625,20,21860,30,172206933
Región de Coquimbo,canela,7990,100409035,420,21137,3840,900558,1650,1139263,1340,171644,330,911972,60,4227,110,1654425,60,212267,40,35592,50,716277,90,807979
Región de Coquimbo,los_vilos,3100,7858689,210,7355,1390,307706,430,264965,240,30799,370,1171529,100,67587,120,168628,60,2069015,40,23150,50,65252,90,6325598
Región de Coquimbo,salamanca,8050,185730768,1290,61219,3780,998355,1490,1033691,950,1265727,360,10383068,60,4248,20,23985,30,9371592,10,74347,00,00,60,17898819
Región de Coquimbo,ovalle,11010,109956219,1050,54449,3640,89507375,1630,109789625,1790,235301,1590,4551705,500,3303095,320,44122275,190,597279,100,751704,100,148347625,100,6496417
Región de Coquimbo,combarbalá,6690,110660607,450,17016,2970,774665,1750,1133301,890,1160885,300,83325,90,6030,10,1000,50,131577,30,25307,60,89160,90,9327602
Región de Coquimbo,monte_patria,4820,14623286,1020,56032,2220,49818,570,3731225,290,40001,190,55909,70,45919,90,123632,160,44136175,50,328079,70,11388388,90,12356812
Región de Coquimbo,punitaqui,6210,41386563,520,23963,3150,75500875,1070,66450125,790,1015985,430,1087655,100,6481165,40,547466925,20,515096575,20,13000,30,367877,40,311500
Región de Coquimbo,río_hurtado,2280,78713267,620,34843,1050,257068,280,186876,130,17266,100,267285,40,30788,10,1270,00,00,10,68482,00,00,40,76674835
Región de Valparaíso,total_región,54840,6451129466999999,8690,4293950483871,19310,48236536999999,9250,63404170403225,5790,78062330000001,4730,146959256758063,2380,159888471806452,1680,234733388048388,1400,4401699675,670,4530177075,540,7397137625,400,4082649924999999
Región de Valparaíso,casablanca,2350,476298760000967,320,1481325,540,11470075,260,18607,150,228362,270,7682725,110,7675,240,336527,190,609002,140,99747199999969,90,135484075,40,125717400000998
Región de Valparaíso,juan_fernández,10,957305,00,00,00,00,00,00,00,00,00,00,00,00,00,00,00,00,00,00,00,00,10,957305
Región de Valparaíso,puchuncaví,880,8279903,90,4095,260,6727625,130,869,170,24007,60,184015,80,51545,50,8135967499999999,10,2335,10,6750,10,17600,10,37000
Región de Valparaíso,quintero,420,544306,100,393,40,905,50,33455,20,20225,80,30046,40,26308,30,41446,30,104705,10,51535,20,28360,00,00
Región de Valparaíso,valparaíso/viña_del_mar/_concón,270,142693459999002,30,1536,70,178400000001,10,883,50,6256,50,1370,10,700,20,2670,10,3050,00,00,00,00,20,133995799999001
Región de Valparaíso,isla_de_pascua,170,301441,10,097,60,2022,70,4612,20,2464,00,00,00,00,00,00,00,00,00,00,00,00,10,292246
Región de Valparaíso,los_andes,250,542356360000001,30,157,30,51300000001,20,109,30,4059,40,11244,40,25504,10,12867,30,710296,00,00,00,00,20,529710
Región de Valparaíso,calle_larga,1070,277845200000003,10,032,160,3972,330,2201999999999,210,30995,250,6999374999999,40,26168,40,5181225000004999,10,38813,00,00,10,165446,10,236920
Región de Valparaíso,rinconada,540,25664180000006,60,21,100,3229,50,359787500002,120,17479,100,3220512500004,40,285928,40,48276,20,6314000000000001,10,59912,00,00,00,00
Región de Valparaíso,san_esteban,1470,450612,60,36,330,837660499998,350,2407450000002,370,528644,170,52064,120,78272,50,62834995,10,4950,00,00,10,1222655,00,00
Región de Valparaíso,la_ligua,4600,476677320000054,820,35628,1640,4129719999998,820,584209,310,427943,390,128744,150,1062140000001,110,15842,240,785601,20,124934,60,822773,40,249401200000046
Región de Valparaíso,cabildo,2090,844714609999992,230,119890000002,520,133873249999,540,348845,180,24074975,200,67695,90,57625,110,155901,40,104417375,60,42979805,60,767309025,60,679085495
Región de Valparaíso,papudo,220,1325795,30,11,80,2639865,40,227845,10,172,10,4611,20,15620435,00,00,00,00,00,00,00,00,30,129881525
Región de Valparaíso,petorca,2090,13035240490039,330,1798,1080,252744,260,182177490039,180,23496,90,238439,50,3823175,10,10589,30,108035,30,22191825,20,23620,10,59592
Región de Valparaíso,zapallar,510,9145586,30,0966,110,30755,30,1961,40,560,50,1710,90,5738,60,843655,30,8530,40,28100,30,37868,00,00
Región de Valparaíso,quillota,5940,11620268500013,1650,76954,2750,5962945,480,3161835,500,651949500008,270,830607000005,90,5880705,50,72363,100,3473084,20,123527,30,31282255,00,00
Región de Valparaíso,calera,1360,17712750000068,520,20795,430,1197072500068,160,11322,70,9786775,110,377285,30,1935,20,2820,20,5669,00,00,00,00,00,00
Región de Valparaíso,hijuelas,4600,125848569999994,830,442795,2080,5702005,840,5594737499994,330,44671,230,6793525,90,59041875,100,131146,40,111173,30,227329,20,2850942,10,21470
Región de Valparaíso,la_cruz,2130,30243679999878,310,18097,990,2457139435475,370,2615575403225,190,2639650000006,120,365709516129,50,28214,70,847669999995,30,7395149999932,00,00,00,00,00,00
Región de Valparaíso,nogales,2370,196512785099584,220,10095,870,23501,630,43048875,240,326365009961,210,698769750002,80,532575,20,3160,50,17503149999954,10,50804,10,13461,30,1349752
Región de Valparaíso,san_antonio,1430,22864179,90,4093,320,81976,150,1009,210,2962,130,45222,110,8115475,150,21040925,110,314031,100,60070,50,685514,10,30107
Región de Valparaíso,algarrobo,890,358458,60,291,200,5899,140,1029,180,23855,190,57453,40,26525,40,57215,30,12393,10,5300,00,00,00,00
Región de Valparaíso,cartagena,760,9852109999980199,90,273,220,453,110,7943,80,1129999999802,70,21602,60,40613,70,102733,00,00,20,17649,20,21000,20,409727
Región de Valparaíso,santo_domingo,3190,364105229999951,170,1129,890,23124475,520,34395,330,45079625,420,14453075,400,28013025,150,199277,140,4614878999992,70,462922,60,922117,40,106685930000031
Región de Valparaíso,el_quisco/el_tabo,350,98946720000198,40,0382,100,2312,20,127,30,360,30,888,50,31865,20,3090,30,10410,20,13329000000198,00,00,10,673212
Región de Valparaíso,san_felipe,2780,122314151999958,570,27025,830,2117242500003,470,3339437499982,420,5680512499995,230,7225182,120,8404285,70,10972642499978,40,132985,10,71793,10,10015,10,538118
Región de Valparaíso,catemu,1630,131124069999776,220,10417,380,10697,280,192647499998,300,40793,210,6528899999796,120,7795515,70,1046401,20,5260,10,5200,10,15526,10,73170
Región de Valparaíso,llaillay,1180,205352460000034,40,13635483871,230,665,410,27285375,220,2980625,80,2478837096774,50,3369121370977,50,6297703548412001,30,8909200000000001,20,12500,10,18000,40,1474098
Región de Valparaíso,panquehue,1350,72780630000163,320,15967,280,6406,230,16931,160,2140099999983,110,3369899999987,100,616504,90,1196965,10,4506,30,18360370000193,20,237762,00,00
Región de Valparaíso,putaendo,3430,610660410000027,590,329179999999,1320,3492330000007,740,5239999999996,390,5110500000008,270,7724200000017,70,46388,30,38201,10,22553,00,00,00,00,10,578050
Región de Valparaíso,santa_maría,2120,3971734000002,270,162225,780,1980814999998,320,22087,350,509207,230,74846,110,8557,40,5884900000022,10,305103,10,5296,00,00,00,00
Región de Valparaíso,quilpué,960,2340123,150,669,410,9337,90,647,80,97375,90,25529,50,2980,30,3800,30,67638,00,00,10,1695125,20,198343
Región de Valparaíso,limache,2640,483206,440,238,1290,30380375,460,2960,190,26931,140,37785625,40,27105,30,41849,10,32799,40,254376,00,00,00,00
Región de Valparaíso,olmué,980,21634715,210,1261925,440,1129425,90,6878625,70,8442,90,28510875,00,00,00,00,00,00,30,242262075,10,15220,40,171262175
Región de Valparaíso,villa_alemana,530,911616,100,2795,160,3567,110,77531,40,465,60,14929,40,23303,10,1080,10,2588,00,00,00,00,00,00
Región Metropolitana de Santiago,total_región,55300,9253348514000439,5330,26125085,15150,38675629,10450,73866596069212,8340,115252400929037,7020,220971285885993,3890,270072921372989,2280,31435035836192,1360,432340944381288,540,3579872065,330,4297283255,610,6997490337500001
Región Metropolitana de Santiago,independencia,00,00,00,00,00,00,00,00,00,00,00,00,00,00,00,00,00,00,00,00,00,00,00,00
Región Metropolitana de Santiago,la_cisterna,00,00,00,00,00,00,00,00,00,00,00,00,00,00,00,00,00,00,00,00,00,00,00,00
Región Metropolitana de Santiago,la_granja,00,00,00,00,00,00,00,00,00,00,00,00,00,00,00,00,00,00,00,00,00,00,00,00
Región Metropolitana de Santiago,lo_espejo,00,00,00,00,00,00,00,00,00,00,00,00,00,00,00,00,00,00,00,00,00,00,00,00
Región Metropolitana de Santiago,macul,00,00,00,00,00,00,00,00,00,00,00,00,00,00,00,00,00,00,00,00,00,00,00,00
Región Metropolitana de Santiago,maipú,870,60422399999981,10,03,220,7513,250,17521,100,1394125,150,5248254999981,90,6068525,20,22842,10,26946,00,00,10,10317195,10,299091
Región Metropolitana de Santiago,pudahuel,360,31184200000186,00,00,10,40,60,3769,50,7708,100,3155509024416,90,6544465975603,20,30707,20,6895825000167,00,00,10,10330,00,00
Región Metropolitana de Santiago,quinta_normal,00,00,00,00,00,00,00,00,00,00,00,00,00,00,00,00,00,00,00,00,00,00,00,00
Región Metropolitana de Santiago,recoleta,00,00,00,00,00,00,00,00,00,00,00,00,00,00,00,00,00,00,00,00,00,00,00,00
Región Metropolitana de Santiago,san_joaquín,00,00,00,00,00,00,00,00,00,00,00,00,00,00,00,00,00,00,00,00,00,00,00,00
Región Metropolitana de Santiago,san_miguel,00,00,00,00,00,00,00,00,00,00,00,00,00,00,00,00,00,00,00,00,00,00,00,00
Región Metropolitana de Santiago,g1_santiago,360,72046837,120,2177,50,151,00,00,50,6718,10,300,10,525,20,30416,00,00,00,00,10,10000,90,7057572
Región Metropolitana de Santiago,g2_santiago,380,13145310000022,70,07010000000000001,40,114800000022,50,332,110,1643,50,1610,10,500,40,64725,10,2466,00,00,00,00,00,00
Región Metropolitana de Santiago,g3_santiago,650,11854409999958,140,8214,250,4499,50,348,90,11538,40,1059269999958,50,35322,20,22811,10,2948,00,00,00,00,00,00
Región Metropolitana de Santiago,puente_alto,270,5114860000042,30,0143,60,172,80,515,40,61355,40,125955,10,505130000042,00,00,10,20482,00,00,00,00,00,00
Región Metropolitana de Santiago,pirque,1750,3448358800004,60,259,490,1271325,340,22737375,240,31931375,200,625625,160,1095295,100,129384,90,291087,20,14988,20,270300800004,30,2367974
Región Metropolitana de Santiago,san_josé_de_maipo,1080,43087785999996,260,1028,340,7553,50,385,110,16562999996,50,14104,10,810,40,49304,00,00,20,146109,10,11951,190,42721665
Región Metropolitana de Santiago,colina,1960,19212111700021,120,80317,560,13652,370,24819,330,439655,240,777559000021,140,1035475,120,1573461,40,118362,10,8000,10,116924375,20,1184035625
Región Metropolitana de Santiago,lampa,1990,1324998,80,517,350,10299,430,317295,480,6304,370,107575375,150,92901125,80,10367421,20,54536,20,11682579,00,00,10,74390
Región Metropolitana de Santiago,tiltil,1410,14804224299979,190,1195,400,1038474,170,1134104,140,19684375,150,5368,150,103191375,90,1325075,50,1644429999979,20,11040,30,370554,20,5030414000000001
Región Metropolitana de Santiago,san_bernardo,1510,52033500000126,70,229,320,9197,280,19821,250,357135,340,10660,140,9641960000125999,80,12479,30,1275649,00,00,00,00,00,00
Región Metropolitana de Santiago,buin,3480,140782329999853,590,30363,780,1947749999992,550,380545,410,578694725,480,15425616249992,370,248189925,160,2199979,120,33537853999869,10,51125,00,00,10,280438
Región Metropolitana de Santiago,calera_de_tango,1320,39727660000001,90,467,280,7003999999999999,320,2349789569212,200,2729425590753,210,7126275499971,110,735108,80,10819079340065,30,860491,00,00,00,00,00,00
Región Metropolitana de Santiago,paine,7470,361719040000147,870,46665,2480,636686,1470,10684,1100,15392612500008,900,28662287500052,270,186866,170,25268900000087,130,4075931325,20,1182631675,20,250276,40,1785779
Región Metropolitana de Santiago,melipilla,11990,739262570000305,1200,58403,3400,903526,2260,15925545,1790,25198377499997,1280,40519437500028,830,57224487499944,490,6658761250000001,410,1264567,210,129537320000336,70,1066473,50,1615465
Región Metropolitana de Santiago,alhué,1300,739165654,160,71994,360,828,210,14695375,100,1395,200,55257425,60,3880,20,3160,40,1307065,40,257227075,30,40060,80,6439820225
Región Metropolitana de Santiago,curacaví,2510,155155079999867,160,7378,470,13834375,640,444961575,510,70193125,350,1059961925,170,11161455000004,110,13066735,30,8638425,10,63388,40,46395899999863,20,4602799999999999
Región Metropolitana de Santiago,maría_pinto,2870,250394840000033,170,7444,660,1637,660,49139375,510,7135000000003,390,11671632499996,150,1084923,120,17928200000034,110,349479,30,197636,40,491451,30,9232880000000001
Región Metropolitana de Santiago,san_pedro,5710,490910239999801,320,1642,1860,43976,820,560112,750,1010382,680,207548,520,384325,410,5493350500000001,140,46736,110,74427375,30,45137395,70,190221924999801
Región Metropolitana de Santiago,talagante,2000,49280680000025,130,605,450,1125525,360,2470754250002,300,4328499999994,500,15488670450242,170,11585917799787,70,955938,20,46614325,00,00,00,00,00,00
Región Metropolitana de Santiago,el_monte,2020,69424669999996,70,448,480,115125,480,3460732500015,390,5274095,340,11554229999981,120,75733475,90,118693225,20,6430327500000001,20,1103771,10,11028855,00,00
Región Metropolitana de Santiago,isla_de_maipo,2140,140223260000004,230,12268,490,1225085,550,410187,300,4122327500006,230,71981475,170,11662024999998,60,78900725,50,174823395,20,1644695,20,243158955,20,456558675
Región Metropolitana de Santiago,padre_hurtado,970,30096500000029,110,555,210,6085,130,9412725,170,2475575000029,190,6255675,60,41589,80,105375,20,50635775,00,00,00,00,00,00
Región Metropolitana de Santiago,peñaflor,1460,26705300000063,210,778375,520,12427,240,15755625,250,3484308088284,140,4360240861722,40,26048,50,6383651050057,00,00,10,69762,00,00,00,00
Región del Libertador General Bernardo O'Higgins,total_región,91300,1137600488600293,7690,36923515,22730,5960616025,15370,109845896,15630,215599951250001,13400,42193319475,6840,49038907555,4130,572040461749999,3050,922539237250001,1120,7466376955,760,1080074003,580,6753646859202927
Región del Libertador General Bernardo O'Higgins,rancagua,2050,166218729997224,110,655,350,88355,460,331781,370,502535,410,1307092999995,200,1344959999999,90,1180719,20,51402,10,72482,20,29942,10,7626839999728401
Región del Libertador General Bernardo O'Higgins,codegua,1210,103955039999832,100,605,210,56365,270,1901799999954,120,1637,250,7594149999966,80,570614999998,70,8158974999932,60,170474,20,10520,30,50765415,00,00
Región del Libertador General Bernardo O'Higgins,coinco,2240,57851800000007,390,204,820,196933,330,2233375,300,4251870000003,260,7434650000004,80,5600275,10,10882,20,63426,20,132318,10,154957,00,00
Región del Libertador General Bernardo O'Higgins,coltauco,2310,83555899997074,200,924,780,207705,460,33113,360,491259999999,240,7077254997084,120,819384,50,7244685000000001,70,2254508,20,1330899,10,147927,00,00
Región del Libertador General Bernardo O'Higgins,doñihue,1580,58396930002221,150,8817,780,2161448750006,200,1418125,250,326745000001,110,368903625,30,21618,20,23832,10,2116500002205,10,66863,20,344249,00,00
Región del Libertador General Bernardo O'Higgins,graneros,1060,68502639997685,50,3734,140,4022,200,15416,160,22508,180,5666799999997,170,11828200000095,90,12590500000034,50,141935,10,8908,10,11083699997559,00,00
Región del Libertador General Bernardo O'Higgins,las_cabras,4520,36447252400243,460,2519,1370,3320024,890,6389750000097999,700,97037,480,1508798750006,200,150887125,110,15197,160,48861975,40,26785975,70,101837400002272,40,1219481
Región del Libertador General Bernardo O'Higgins,machalí,800,1690858929999925,100,4913,220,5144,160,11493,90,13326,110,378715775,00,00,20,2509,30,8192644999925,20,173399,00,00,50,165598479725
Región del Libertador General Bernardo O'Higgins,malloa,2700,14241193,250,11664,730,168309,650,45831,320,44329,350,12105275,230,170239,110,13710335,40,1287369,00,00,10,10383,10,65500
Región del Libertador General Bernardo O'Higgins,mostazal,1430,415085230000729,160,7135,280,83115,120,8259,300,433035,190,54747,100,77064,90,11944900000004,70,2002708,30,21933200000725,30,503135,60,2916267
Región del Libertador General Bernardo O'Higgins,olivar,1200,24288030427868,100,434,490,1127,170,1247050000004,200,2700874999981,110,3467549999997,70,4156855427888,50,8054499999998,10,34908,00,00,00,00,00,00
Región del Libertador General Bernardo O'Higgins,peumo,870,122362210000011,160,8505,270,6469,130,881075,80,112592125,20,636,110,9134658050011,60,777336875,10,22254,10,64082,10,13062,10,8038363695
Región del Libertador General Bernardo O'Higgins,pichidegua,5690,182203400000001,490,2418,1810,451575,950,6724875,1090,151462,660,20177875,340,2340255,190,26225975,100,31974925,50,31532450000001,00,00,10,22261
Región del Libertador General Bernardo O'Higgins,quinta_de_tilcoco,1900,47786799999964,70,312,340,9338374999999999,500,35087,430,5831225,330,111353125,140,10639087499964,70,94993475,20,620809,00,00,00,00,00,00
Región del Libertador General Bernardo O'Higgins,rengo,3500,791668310000743,270,1164,870,23232925,420,32195,610,8720260000006,670,20486625,260,18915101,190,27377756500737,150,46936375,40,245486,00,00,20,6390244
Región del Libertador General Bernardo O'Higgins,requínoa,2500,490218999574151,150,7680000001,280,746099999987,350,2507669572112,520,7286407500071,570,18241492500103,280,20482500001868,190,260985,90,2572523,10,74788,30,42982,30,3385935
Región del Libertador General Bernardo O'Higgins,san_vicente,8120,257625090000036,1140,54873,2540,643491525,1580,1155201,1290,170103775,880,26772622500036,270,1946967975,180,254179,190,51640245,20,155392,10,1395641,20,6928299999999999
Región del Libertador General Bernardo O'Higgins,pichilemu,1410,390327079997928,80,33379999999,160,4772,220,1537,160,22059,350,110472,170,119683,90,118873,80,24371599997929,20,15657,00,00,80,3111422
Región del Libertador General Bernardo O'Higgins,la_estrella,2140,264495279999871,70,264475,280,932679999997,270,18023,240,3436837500165,440,13794875,390,26115800000007,160,242119,170,5488879,60,4539729999952,50,67539550000665,10,26348799999517
Región del Libertador General Bernardo O'Higgins,litueche,3520,483967699999084,170,907,730,19133,630,4451557000003,420,6062,530,1782711,460,3424095,150,219289,240,71608999999836,70,4885749999981,70,101116583,50,175870099999435
Región del Libertador General Bernardo O'Higgins,marchihue,4290,534780530004165,80,3547,680,19003,520,35948,710,9675279999993,970,32645005,600,40534175,280,3814505,260,72902525,100,72369100000241,50,78348499999973,40,184630325003958
Región del Libertador General Bernardo O'Higgins,navidad,1740,102329931998392,150,56762,510,129958,350,250599,290,38429625,200,5327,90,63351,70,92679,50,13340337500429,10,6285,00,00,20,54069299997963
Región del Libertador General Bernardo O'Higgins,paredones,4460,273401420003114,210,9507,1020,3070,790,557824,730,1017946,860,264197,360,25264800000016,270,35860,120,312368,40,2796605,40,54588,20,5314330000309799
Región del Libertador General Bernardo O'Higgins,san_fernando,3710,2339336849999069,220,8854,770,219346075,540,381905,660,92921875,530,169649375,440,3351039925,150,21093315,160,4970186,40,28254,80,115891999999069,120,20585271
Región del Libertador General Bernardo O'Higgins,chépica,5740,251349459999893,850,3936,1530,3786705,870,62492,920,128097,650,20383995,390,28351635,260,36288125,220,68497949999893,20,108311,20,231143,10,4064315
Región del Libertador General Bernardo O'Higgins,chimbarongo,8280,316950727999906,710,33615,2370,61834765,1470,10403194,1700,23302025,960,29728000000015,500,351095775,370,54116405,110,35611099999891,30,204817,50,672091,10,34470
Región del Libertador General Bernardo O'Higgins,lolol,2710,343498420000794,100,449,440,12393375,270,1869,440,62545,450,14997445,310,20854650000075,260,3635351249992,270,85857624999984,90,571913,80,118836150000815,00,00
Región del Libertador General Bernardo O'Higgins,nancagua,2180,121572449999912,100,50,600,15117,410,28805,390,50911,280,8722799999912,150,1177115,110,148588,70,208871,60,372693,10,18530,00,00
Región del Libertador General Bernardo O'Higgins,palmilla,3340,157346919275722,170,883,610,1875,470,3412279999936,940,136458,620,180975,240,17341744999992,110,14693455,120,33673019999999,30,17973819275795,30,36546,00,00
Región del Libertador General Bernardo O'Higgins,peralillo,2710,226195782280523,60,308,580,14938,310,2213,540,73107,590,18405075,250,18227300000647,140,19158025000008,130,40089482279868,90,666099,10,16450,10,362077
Región del Libertador General Bernardo O'Higgins,placilla,2450,98657832000001,350,146902,480,1241830000001,550,41478875,360,47116125,410,122554,170,116088,40,5579,50,156656,20,148831,20,284177,00,00
Región del Libertador General Bernardo O'Higgins,pumanque,1980,202319940000058,90,38,300,74214,250,17828,350,5039700000029,260,87927645,270,190586,210,29408309999925,180,6115122550008,40,306141,20,24997300000024,10,20695
Región del Libertador General Bernardo O'Higgins,santa_cruz,3240,202012068444596,210,10023,570,15141,470,34076,610,8727505000107,620,188589,240,16833145,290,42552140000088,150,47097548444401,70,4471690000000001,10,18204,00,00
Región del Maule,total_región,174000,1331819793353983,20440,9784826,50960,128047303534483,24960,17475732146069,27640,388617712507182,25880,794887182460082,11190,776919161989575,6520,885276133201207,3910,1206015584776962,1260,840431093428967,730,1010947874891105,510,7102513739289575
Región del Maule,talca,3450,85380895798179,400,18181,900,2184499999999,520,4015499999998,770,10749900000021,400,12296283137458,260,19422579960509,120,15287325,80,21242997700194,00,00,00,00,00,00
Región del Maule,constitución,3840,959203338364236,340,159616,1000,26074,480,351415,650,8972,590,170521,310,205142,210,27833160001752,130,4445364,40,24862,60,708383,30,7383967723624839
Región del Maule,curepto,5670,487010522752138,190,9315,1500,4472399999991,1210,8607037499996,1100,156333125,1050,33480275,260,176081,230,29651774999804,100,253387,20,125358,00,00,10,339589972752347
Región del Maule,empedrado,2140,395415435612569,40,19889,440,1242124999981,390,263979,240,3406471,450,1331084,290,21001675,150,20872100001414,90,2862295,20,163982,20,243773,10,263524095611174
Región del Maule,maule,6080,125844138793858,910,504950000001,2700,6300459999991,690,4804050000007,750,10036500000007,560,16678885,260,188821,100,14427575000047,90,30345525,10,6561315,10,17302778793805,00,00
Región del Maule,pelarco,3180,243820868980382,370,1991,760,18497125,580,4155700000004,440,6421462500009,470,13764957011077,180,11304075,160,23280892987921,100,353547,80,50915,20,329367,20,63638568981371
Región del Maule,pencahue,5970,578179517650895,1100,44457,1190,299081,740,491175,810,1142505,820,267730575,600,4290834000003,360,50570274650957,220,71956349999971,80,56248062498446,20,250143,30,284936953001491
Región del Maule,río_claro,3990,260974274054643,380,12995,770,2170502,510,3508096,730,9961737499995,830,26308949999926,370,24971362500052,170,231395,170,51493399997239,40,222403,10,174337,10,79616776057431
Región del Maule,san_clemente,13960,907526664971124,1660,772904,4060,11247700000012,1910,13490500000002,2130,30313686725982,2390,73714962823993,980,71792879999975,510,69759349999956,180,536477,70,49262119999682,20,24727,50,508797861421522
Región del Maule,san_rafael,2020,164983139998672,90,4124,380,8864,260,1726415789474,370,5373275,560,18034546710522,150,9718075,60,9080824999891,80,26000737497747,40,24967725,20,33221,10,35932900001038
Región del Maule,cauquenes,8770,105643472851914,380,177263,1660,449213,1150,8146966000045,1490,21744008999989,1620,50328100999987,870,59749375000038,800,10750462025,570,167038983750208,140,93494099999178,60,7091420000059,30,472844980519105
Región del Maule,chanco,6510,256527732356897,350,1715,2520,6912850000005,1240,8495535,1040,13915634999911,670,20400999999994,410,2761360000072,180,2663584,70,210662,20,14393900002761,00,00,10,116921672353506
Región del Maule,pelluhue,2440,169108030691143,440,17437,920,2376375000006,550,3753516999992,200,2405,170,45553,50,3935800000156,40,60838,40,14750000000058,20,13423999999238,00,00,10,117649868691693
Región del Maule,curicó,7720,390019215882671,940,44452999999,2500,562894999965,1200,8524400000044,1120,15180300000018,1080,33007699999966,370,26344100000174,250,33056299999936,140,42958351765123,70,53809,20,23696,30,14736958411777
Región del Maule,hualañé,3710,331141321036169,370,137294,820,2133155,390,2772641671216,660,9333065000002,740,24127568328788,310,2066091250001,220,27532676989331,110,3569404,50,30906915251978,20,20598245259059,20,157244807035785
Región del Maule,licantén,2040,170514294329975,190,6782,370,955269999998,330,24169,590,784341,320,988904,80,60478,70,10626899999995,60,18202100000631,10,8231020630823,10,13596679369885,10,92637354328643
Región del Maule,molina,4500,732857738160058,590,29734,1440,3282489999993,630,4520517499997,650,9452307499977001,470,15703825000089,260,18668787499979,180,2440477250048,130,37252898234877,50,3312127,30,46474999929551,70,539678529995115
Región del Maule,rauco,3300,152659060000298,430,221400000003,1280,31415,370,2581892500016,440,6446617500006,330,11301850000026,170,11241768945267,110,151832,110,3746633105498,30,201345,30,44940,00,00
Región del Maule,romeral,4160,863909069805067,650,305995,1350,3140550000007,590,42713,580,7989900000022,470,14543697999782,220,15496700003982,80,9684100000118,70,22392000000077,20,11370,40,58373,90,716341826801079
Región del Maule,sagrada_familia,3930,401524839983894,310,1557,1210,3118500000044,640,4448187499984,530,7579800000019,450,15149499999856,260,18348040000048,130,19199412500158,170,56571499999792,110,68291899983993,90,1240223,30,84640
Región del Maule,teno,8630,41016604690139,1070,558072000011,2430,6031799999997,1180,8192150000003,1770,24505937499784,1190,35490062499987,500,34259050000008,260,3787942,110,32609099999755,80,53727,30,39343454901845,10,137570
Región del Maule,vichuquén,1400,206631711748377,140,8768,280,818090000169,210,154314,140,18539,260,80854,150,10713500000035,90,132541,70,19705000000209,50,35799999999584,00,00,10,11477090174838
Región del Maule,linares,10900,4942300287135,1340,695429999976,3340,880353,1730,1191670500002,1660,23698637499967,1580,48537095000007,770,51980097499853,330,44300008431953,100,3021700000025,00,00,20,25800,30,248281525281474
Región del Maule,colbún,4850,484280409798947,580,228002,1610,382263,710,4832499999988,820,11409579999994,510,15906181458299,250,18324280781095,170,24938937760714,50,16450,70,473076,20,38800,60,302260697798857
Región del Maule,longaví,16520,639858853940956,2500,1217688,5500,1305132,2200,150039,2760,38271940625007,2090,62931490000088,700,49518318749939,470,62769186568592,200,57670815626698,30,17840,40,65865,30,255719194370632
Región del Maule,parral,12570,885322199302182,1530,77589,3390,7856771999994,1640,11752340000004,1710,24157799999994,2060,6410056499999,1140,79885424999463,540,74365249997498,420,12733055000046,90,5739717000000001,10,12042999999258,40,425657437305521
Región del Maule,retiro,9320,433048500018622,880,471839999978,2610,6226192000023,1080,7605600000007,1460,21523724999988,1590,48422810001663,760,51887475000048,520,69099898999904,300,9864929999924,70,40745500000525,30,36338959017246,20,5207719999999999
Región del Maule,san_javier,9010,815000495581883,520,2638,2100,5799955034483,1260,899368,1570,22035478965518,1740,52747446000005,780,5190605249993,470,66322099999932,370,1083966875,120,85762600000731,30,304974,50,382275295581284
Región del Maule,villa_alegre,3560,87263253000032,740,312212999995,860,22668,540,3682959999997,460,664067,470,13840089999873,280,19681080000137,110,14266,100,2657344000003,00,00,00,00,00,00
Región del Maule,yerbas_buenas,6980,129361606791931,1500,696789999998,2060,4817414397615,810,5710600000887,1090,15725965416684,960,27343406249858,280,1873691,200,28208408935845,70,213795,10,6742611791044,00,00,00,00
Región de Ñuble,total_región,121710,8079930097955877,9850,4794771,39690,107594101,22330,1553588125,19450,273021798,16230,501951242754722,6610,4476028685,3780,522808035,2420,699447831000458,760,5365728575,290,3993896,300,4431388180700698
Región de Ñuble,chillán,8260,294805911579129,980,47455,2640,7218330000018,1070,7622947500001,1240,177419115,1250,37758760000058,460,30224775,360,52999936000078,200,5300938,40,283405,10,103071,10,49107721578974
Región de Ñuble,bulnes,7380,329454890105587,460,23115,1950,4892980000007,1160,7944600000003,1160,16317499999936,1360,41591050000015,580,39217987499896,390,52787285,260,7749683,30,191297375,10,135418,20,5630397010573
Región de Ñuble,chillán_viejo,2700,177539707955363,240,1169,1010,2639,280,19399,290,42125,420,13167075,210,15231825,90,124398,70,21495300001067,80,62481699999611,00,00,10,43815707954685
Región de Ñuble,el_carmen,11680,63516563979052,150,81493,2860,922323,2790,1971214,2410,3497642,1890,59633760000135,880,611996,360,5062120000002,180,5424715,100,6612455,30,39338000000273,30,240008096790092
Región de Ñuble,pemuco,3780,465864124071266,80,385,750,243031,810,55105,660,90861,680,217758,360,25029246000205,210,277036,160,48309,40,230499,20,2560869999998,10,277322468071081
Región de Ñuble,pinto,4420,543281180999424,150,7613,1270,3666024999999,870,6161775,820,113807425,740,2208109,220,142288,220,3227385,80,242649,20,16209437494877,00,00,30,412938431004548
Región de Ñuble,quillón,6360,144576983498291,1050,59445,3090,6935339999999,1080,7350789999994,570,773074,350,100346,100,78125,60,9412499999975,50,16262,00,00,00,00,10,78444063498323
Región de Ñuble,san_ignacio,9670,212427233146501,270,15664,3850,1065506,2140,147297,1550,2145473000001,1110,3471195,300,199702,250,32568019999982,170,47744499999709,20,114843,10,189521331468,00,00
Región de Ñuble,yungay,4810,56244135885924,200,933,1510,4367746,950,67544,830,11398975,660,20292245,270,194181,140,184299,100,297987,90,635117,50,722276,10,31614869285924
Región de Ñuble,quirihue,3040,326603903556445,30,17798,560,163225,670,478375,600,871326,530,17309715998549,300,206621,210,29214700000559,70,1778365714292,30,20171,20,34889000000129,20,171426672414288
Región de Ñuble,cobquecura,3910,253393986043168,140,628,1220,3522595,770,5294705,780,109497,630,197999,200,147978,70,88012,60,14624,20,152461428576,10,103321,10,149963043185568
Región de Ñuble,coelemu,3480,219692938329051,260,1388,1290,327785,670,4783399999998,650,8747,300,99265,150,107492,80,11671500000057,50,20338399999988,10,7254200000781,10,10143,10,132663088328227
Región de Ñuble,ninhue,4200,211271145738312,140,7227,1370,41221,910,64386,670,93452,660,20552799999998,250,16427599999965,110,13792800004253,60,19583899999804,10,8930,10,13428000001152,10,9857787573314
Región de Ñuble,portezuelo,2480,141445680089003,180,91788,830,2139199999997,530,383235,360,48929,380,11247949999897,80,5287500000437,20,2113,70,2215169999507,10,64174,10,12260,10,71011892093602
Región de Ñuble,ránquil,3470,117093195917343,570,26889,1640,401883,430,26974,400,554225,240,73998,100,72688,30,3940,50,158437,00,00,00,00,10,70113525917343
Región de Ñuble,treguaco,2080,129898872544747,20,114,780,22882,540,3713,350,47606,250,8049756754722,70,40119,30,3435600000354,10,4076,10,6882099999954,00,00,20,92670315789717
Región de Ñuble,san_carlos,15410,534998869653742,2050,887124,4520,12076871000009,2160,1487280000021,2500,35312625,2040,62442099999976,990,662662,650,91628725,350,90274099994527,90,57683759999834,30,326867,30,70867864659186
Región de Ñuble,coihueco,9350,947860782920785,1330,654047,3130,7776898000002,1350,9367240000007,1140,160403,1080,3417805,480,3321099,310,42233599999988,360,1071911,90,6686865,40,54150,40,576189907920788
Región de Ñuble,ñiquén,9740,292598060779753,1010,512365000001,3360,8752446,1740,122387,1460,20658275,1180,36600199998952,480,33022399999878,270,361187,190,55100425001358,30,243222,10,12406600004887,10,52865749774677
Región de Ñuble,san_fabián,3260,1143519974118027,540,20912,1210,313173,480,328629,290,412138,260,780865,110,738155,80,100387,110,305941,20,13300,20,27870,140,1035778454118027
Región de Ñuble,san_nicolás,7640,395995658260181,390,197625,2040,5726409999999,1500,10298624999997,1180,16196869999996,1180,3682265,640,44403159999954,400,56097100000119,190,52215650000024,80,55059300001455,30,43971199999909,10,75007068258728
Región del Biobío,total_región,124480,1358582104013841,7600,3956545,40830,110974678991927,23460,1636869915,21910,30042986365625,17100,5266906555,6830,47226515302269,3510,4879267525,1970,609623957641817,720,48552403234375,310,423589382046946,240,1000115302793503
Región del Biobío,concepción,590,104531574919108,30,155,170,38983,130,881345,90,1286,90,2675,20,1300,20,3160,20,5848999999907,10,5174,00,00,10,83800899919201
Región del Biobío,florida,4650,268411828127497,230,139692,1670,46677225,760,54833,860,118508975,630,1809677,330,2310749,90,12580775,60,17120010006918,10,5977000001829999,00,00,10,169388171118749
Región del Biobío,penco,540,40235189994973,40,19,200,480296,60,4069,190,2754394,30,840,10,900,00,00,00,00,00,00,00,00,10,34834599994973
Región del Biobío,san_pedro_de_la_paz,340,42603199911911,40,176,200,3869,40,220,30,394,20,764,00,00,00,00,00,00,00,00,00,00,10,40820699911911
Región del Biobío,santa_juana,5760,604515597852488,370,195792,2070,5622906,1280,8892201,970,13051008,740,20150679,180,12130255,70,9716500003,30,8572875,30,24541,10,122878,10,489354581849488
Región del Biobío,tomé,2420,237762193310695,240,957,1090,292493,430,2903276,330,40915,190,51003,60,43061,20,3100,30,8347225000000001,20,15280599992242,00,00,10,191612562318453
Región del Biobío,chiguayante/hualqui,4090,331807201611275,280,161445,1430,390409,850,5748203,800,10984672,450,139704,130,87676,60,82812,40,1206799999299,30,22308,00,00,20,245613591618285
Región del Biobío,coronel/lota,1140,239704595032358,240,122094,360,876421,110,8486,170,221574,120,350404,40,2780,00,00,90,280497,00,00,00,00,10,201308000032358
Región del Biobío,talcahuano/hualpén,240,46268679999764,10,07,50,188,20,1617,00,00,70,2314999999764,10,71058,30,44949,30,108615,10,5560,00,00,10,21970
Región del Biobío,lebu,2590,414869969991604,40,16,460,141272,460,318892,500,742923,500,155845,320,22034700000117,160,20035299999915,100,30858800002982,00,00,20,37020999999507,30,277288799989083
Región del Biobío,arauco,5310,714910253872471,120,6646,1050,3152654,730,525169,1010,1433425,1380,437083,480,341607,310,438594,160,47954999995418,60,45951999998181,00,00,10,476469799878872
Región del Biobío,cañete,9190,66538431995156,400,19361,2780,834897,2850,1993032,1600,2190965515625,1020,32285,300,20469900000093,60,7169,120,3330496484375,10,5000,20,28990,30,487782899951467
Región del Biobío,contulmo,1180,314876850128049,160,7755,400,98878,110,7028,170,2264,170,560662,70,55987,30,3681,40,13304399999716,10,86154,00,00,20,274037600128333
Región del Biobío,curanilahue,1720,8526706160601821,50,227,230,6804,270,1943096,430,566392,350,10552699999992,200,14301599999114,140,178795,30,9798000000647,00,00,10,161676,10,775661100060429
Región del Biobío,los_álamos,2820,418183540012642,60,2574,610,18954,740,53956,570,7644,520,183423,240,15302,10,1498,20,5538300000565,20,11929000000879,20,340491,10,316564100011198
Región del Biobío,tirúa,4050,26943925996732,140,7059,850,22945,1060,7544782,1280,16517188,500,154897,140,8860699999999999,40,5305,10,2633700000019,10,5062,10,13386500001875,10,192274599965426
Región del Biobío,los_ángeles,22600,1119944487858668,1610,904206000012,7720,21224192000011,3930,27637094,3720,50899694000042,2790,85040030000009,1140,8138203,980,134118541538689,510,153205880001909,130,8513245000012299,40,57419800000003,30,42298057031787
Región del Biobío,antuco,1120,687625900081307,90,304,360,9669,150,946,130,16943,90,2775,110,7584725,60,92255,50,160875,30,25032200086079,10,13628275,40,6096550999952279
Región del Biobío,cabrero,3070,42034981145592,230,135,1000,26913,420,28634,410,555604,480,1574495,330,23461335,90,124468,80,26460770312726,10,84120046875,00,00,20,322578211455694
Región del Biobío,laja,3540,216819550015049,470,25066,1560,451666,670,472005,250,38058,260,76637,170,1271119,60,95672,50,188491,40,2455709,00,00,10,130178100015049
Región del Biobío,mulchén,6870,141527404370589,320,17106,1890,529681,990,67549,1420,200468,1050,31438299999913,310,207323,340,47224699999526,290,90094100000206,150,107516733680136,60,803596,50,1005638740026109
Región del Biobío,nacimiento,5640,585774674929376,190,947,1480,414643,1170,8154615,1140,1594111,940,28308729,430,28382174996106,200,29181300000046,50,13054475,20,11341,10,11140,10,436030140933224
Región del Biobío,negrete,3810,109620164116628,330,151517,1040,2555457,720,496949,720,974055,640,2041519999999,140,9864749999959,150,18942625,50,18295175,10,7199700000215,10,17485700116464,00,00
Región del Biobío,quilaco,3140,69356351738643,150,748,700,1881291335494,550,390962,530,736455,680,21497119999989,330,21490208022689,110,14868865141715,20,5690000000081,30,155389275,10,12704604781277,30,588543530605185
Región del Biobío,quilleco,5480,762395191445593,180,10221,1350,3980789156433,1030,7603421,1070,14688575,1040,31921425,320,210769,190,28839072047199,150,47974675,80,56591800000051,10,10000,60,53961632424191
Región del Biobío,san_rosendo,770,87982500727392,90,3169,230,52989,140,9408500000000001,150,2187,90,357455,50,37048,10,1162399996258,00,00,00,00,00,00,10,75851320731134
Región del Biobío,santa_bárbara,6360,705416719929199,270,153809,1940,576956,1080,762845,1210,16599289999991,850,26111779999988,430,30407,240,3349359,160,567439,120,80395,20,30000,40,41811434092922
Región del Biobío,tucapel,4060,50682927009733,110,5154,1070,31977,800,548647,810,113564,630,1887065,330,2152567,190,2706438,40,9785,40,299037,10,1197716,30,36761060009733
Región del Biobío,yumbel,8380,360021677645734,820,40848,2820,765272,1650,113005985,1330,181668,1030,323679125,430,30729145000042,140,197605,110,32417979999048,30,188411,10,14297,10,174079441646644
Región del Biobío,alto_biobío,5710,34802866,400,195,4340,905466,460,2774,190,2430,180,5135,40,2290,20,2500,10,4500,20,14000,20,24680,30,280470
Región de La Araucanía,total_región,365520,191016797394177,11260,584176,111450,327507155396393,88110,618103025151015,72100,98602097526095,49970,1521830464424891,16350,1114973000993661,7890,1084219495468751,4910,1489060776758309,1870,1328262856527482,1030,1424546008158788,580,9201314221277459
Región de La Araucanía,temuco,20140,310476680859516,1270,660753,7930,22737053999998,5110,3625515,3800,51674478,1430,38730805,280,191389,180,2629191087704,110,286628,10,7601999999999999,10,162469,10,62475929982478
Región de La Araucanía,carahue,21540,910895658717696,320,18149,4610,14038114999976,5160,36595603,4860,68604929999994,4490,139971619999991,1400,92499648,440,603351,130,408379,80,5614700000032,30,41465330014348,20,360218922703067
Región de La Araucanía,cunco,13740,780726181196778,120,72293,2930,902973,2950,20793278,3020,41728710000006,2560,8157873,950,6393894999992,480,6724710000012,390,124868030000189,250,174372474999439,80,1046668,10,92430085197104
Región de La Araucanía,curarrehue,6870,286477778,80,43188,1660,522944,1410,97301,1430,1995025,1250,379905,410,2790725,350,4644485,190,520022,60,44691,20,20760,10,21729
Región de La Araucanía,freire,19460,513520276021173,950,470869999996,7310,21430662999978,5270,36014097999998,3170,4184018000033,1480,42601065000083,420,28145299999986,350,48712299999779,290,86494638165279,150,107170899355106,70,100640262500638,00,00
Región de La Araucanía,galvarino,14920,414120373407597,440,20336,3540,1117036,3560,2530825,3960,54612412408231,2520,70379785,440,27875920967742,210,30106469827573,100,2924192534495,70,46758656451613,70,94438233407488,10,24025
Región de La Araucanía,gorbea,8220,457172113711235,130,703,1400,3905500000001,1620,11379485869572,1600,2123890560747,1780,5712862499998,770,53031790032078,520,67938793478341,310,90649119392422,70,46304499999688,10,11193900000325,10,94331194331358
Región de La Araucanía,lautaro,19160,621044958634803,610,305633,7190,21135191000005,5170,36411383999994,3360,43922664999958,1580,46106395500401,590,40823395355923,270,37212399999905,210,64360637500155,70,4638319999993,50,624452,60,221938857278532
Región de La Araucanía,loncoche,13380,633110075006783,160,937,2620,7996512016386,3120,2177842,3140,44539779999999,2850,88693022000086,930,64743791983575,280,39525799999994,230,70840550000179,10,7020,20,278019,20,260076599006564
Región de La Araucanía,melipeuco,3630,384916875000454,70,4560000000000001,890,2600967,840,61561,530,7240208,490,150704,390,27613,240,30225,50,14966,30,19470000000075,50,6865620000037899,50,1928734
Región de La Araucanía,nueva_imperial,22980,400134697472243,560,2875,8340,25895890000012,6770,47230929000017,4690,6321821,1910,55419845,410,275903,130,169939,110,322362,20,13782823349275,20,246188,20,92860300122939
Región de La Araucanía,padre_las_casas,27680,164990916921727,2290,118089,15990,44763079999997,6690,45325073,2030,25884632499956,500,13522337500012,60,36792,70,10220600138141,30,9149603783714001,20,11265499999907,00,00,00,00
Región de La Araucanía,perquenco,6880,248882919999752,410,20581,3030,828558,1550,10744150000007,780,1060808,430,124684,180,12473200000102,150,21270305000043,220,61429295000039,90,60990699999959,40,50407399999602,00,00
Región de La Araucanía,pitrufquén,16190,425400904459613,590,324775999998,4860,13907365999915,3850,27156991000002,3500,47375591998441,2150,65178850000057,800,54348479999933,270,36261700000072,100,30563500000476,50,35629299998615,10,15134049462104,10,9952029999999999
Región de La Araucanía,pucón,4370,132098421988,70,4006,930,283059988,810,578207,810,11211225,780,251087,370,25565,330,44169175,150,4251615,60,3921998,50,80429,10,104411226
Región de La Araucanía,saavedra,17230,219740932667478,250,134400000001,5510,16609670000016,5400,38541477774091,3910,53515029999994,1600,46199800000048,440,2968348,60,7961775,30,66808,30,20414499893328,00,00,00,00
Región de La Araucanía,teodoro_schmidt,20340,446047232222694,260,148500000005,5140,16475699999995,5270,37902259353045,5120,70858028895783,3250,99129100000033,740,49147099999964,380,53715393976909,140,3858845,20,13164,00,00,20,6691869999696
Región de La Araucanía,toltén,11620,647963873285556,180,102149999999,2670,7819594999998,2720,19072076000003,2270,3130303000001,2570,79531814999953,690,4504600000000201,320,43656890487882,90,265931,70,515493,10,13360,30,329929916797709
Región de La Araucanía,vilcún,15590,757471255764286,840,45758,5360,14765002999995,3500,24416118000004,2570,33987163,1740,57494400999972,580,40890,360,48993300000062,290,851899,190,1307049,130,1829199,30,137652990764253
Región de La Araucanía,villarrica,14130,550091100754735,340,16323,3830,1125858,3250,22713843904303,3030,41830677559068,2300,711304095,630,44880789999622,310,4112746753699,230,7027115,120,80531582254906,60,81659099999846,30,8452427
Región de La Araucanía,cholchol,9970,193517057704611,130,551,3640,10561991499999,2900,19873410000008,2090,284050275,960,26586048,150,106336,40,55549,30,76979,10,64895,00,00,20,77659580704604
Región de La Araucanía,angol,5770,76770775564368,300,1689,1350,3793550000052,710,5038025000019,1100,16095334999792,1230,387744,610,40566225,230,323176,160,4810972190986,20,1331155,20,22807599999604,40,546724848734353
Región de La Araucanía,collipulli,6220,877602088437487,300,145565,2100,59984,1480,10056754,1000,1417925,770,2363177,290,21277170000669,110,157146,100,32097135872627,50,36245,00,00,20,718256443564191
Región de La Araucanía,curacautín,2810,1425852512950955,50,26,520,14878,410,2983499999999,530,73153,570,15706637664476,230,159445,150,20031455468751,160,54040506866946,70,551865,50,67497199999845,70,1185633112950938
Región de La Araucanía,ercilla,750,240973940261818,20,103,150,431,160,11920875,30,4075,150,5339387499943,70,5075999999841,20,29423,80,23954619073485,40,29745967184776,20,22392899997776,10,149481879005997
Región de La Araucanía,lonquimay,10570,189936529,270,13405,2170,5700,1760,116949,1700,230048,2150,6988041,1160,79524,680,9252492,340,1034851,90,61540,80,116867,170,133501011
Región de La Araucanía,los_sauces,6150,604122389681928,70,23035,740,2317599999944,1120,8064580000008,1590,21949654790276,1390,42483373931231,670,45324428119628,240,32255630926467,210,56855000000083,50,370491,50,67044333160036,20,290755653754255
Región de La Araucanía,lumaco,6680,65252340197656,60,43800000002,1090,3185799999998,1310,8868738482801,1180,1681882500001,1680,51076806250169,830,585349,250,32860900000003,180,55727771722792,60,46753016367015,30,39393159181168,10,339259684972602
Región de La Araucanía,purén,7220,283776383146133,160,8064,1380,417386999998,1850,12625300000008,1350,19288400000001,1570,50208680267164,440,31048399999917,260,3459575,140,46243599999987,40,29831703904522,20,23925000000089,10,31755038974465
Región de La Araucanía,renaico,2470,171773448585503,190,91,790,2089500000053,390,28133,400,5772665,330,99229,150,102316,100,149798,70,24179225,40,24713658572372,00,00,10,76979800013078
Región de La Araucanía,traiguén,7360,630086404397917,140,7799,820,24828,1490,11489580000044,2210,30218080000006,1200,37409972,520,3880709999997,440,67337200000268,310,99465300000295,160,10378542,40,4785710000032,30,191155862397014
Región de La Araucanía,victoria,8620,860210042646988,60,311,2400,723293999968,1760,12434039999997,1890,24618500000014,940,27636834999956,380,255461,460,65123399999945,460,154282949999909,130,863113,110,149567174999224,30,307425702648263
Región de Los Ríos,total_región,87490,1224008426857959,2680,1341309,21620,61538956,18690,130064144,16760,230312979,13900,427579868,5820,401408625,3160,43097746,2540,795267201342813,1170,826432545000652,670,895973423658615,480,8039187757577512
Región de Los Ríos,valdivia,3530,677988751928431,210,8234,770,216787,500,357821,450,632889,650,187237,380,260333,290,38482100000044,180,54995265,30,20072875,20,30510,50,477014201928387
Región de Los Ríos,corral,1670,4379109916578671,70,355,460,119351,220,14225,270,36942,340,88065,160,113055,80,9822,20,5055,10,72064,10,1571587114593,30,373654010511937
Región de Los Ríos,lanco,4570,340407520465018,40,20,900,25723,1090,791936,1250,1766495,720,2187586,240,16650,140,1887185,110,305384236,60,46605476832673,10,13994,10,163695300032345
Región de Los Ríos,los_lagos,5380,1059671127037624,240,119612,990,2602374,1090,7702929,770,10187662000008,820,263934725,380,26716641679945,310,43679499999956,360,12048380966338,210,1503541,160,213337126157693,50,458093900036642
Región de Los Ríos,máfil,4090,487661939989534,180,9855,780,192396,680,46003,670,92526,750,2297837,400,291613,230,307985,250,821553,110,64697259969327,20,21730,20,220265800020207
Región de Los Ríos,mariquina,8940,885257383849514,380,17589,2060,569802,1570,1086463,1670,23263255,1640,52318492,840,575215,380,476765,260,82602923167327,80,489543,20,2337825,40,532803623682187
Región de Los Ríos,paillaco,6670,6988548165127709,160,9174,1330,3928786000006,1130,7909100000006,1390,19409200000017,1080,3323787999999,690,479543,370,519899,280,80750599999978,130,84323200000596,40,49947699999428,70,31931241051275
Región de Los Ríos,panguipulli,13220,2493569771832727,100,5585,2790,8662822,3370,236984025,3150,43686102,2170,632273425,690,45557865,300,40772801430862,300,931835,120,83704625,90,1192495289,140,1971770932501865
Región de Los Ríos,la_unión,12270,1627084706327308,350,17927,3240,9190334,2550,1786451250001,2130,28972529999994,2210,69254250999892,760,530214,470,67378210000296,380,111277410000443,80,55624300000565,50,7272979999998701,50,1141592688826121
Región de Los Ríos,futrono,5450,979182396650196,260,125805,1710,43982,1010,6683399999994,870,11408999999994,640,215358,280,197931,170,24753700000856,170,54874149999945,190,1412682,60,8303954,90,611301501649407
Región de Los Ríos,lago_ranco,6610,1111615420002272,110,5504,1750,5219469999998,1730,1201239,1250,1709132,910,2858725,370,24553150000284,220,28133,170,57636999995165,00,00,50,60891,50,877435800006825
Región de Los Ríos,río_bueno,16830,144087944232633,620,322712,4910,1415891,3860,2660891,2960,40212370000028,2050,6262505,840,5864666,470,657491,620,201672410369585,260,17487872,130,181684099999435,110,614320499957282
Región de Los Lagos,total_región,183430,2629360929498168,4390,2243261,39310,11624925,37810,2664557115,38120,5308533635,33250,1022833966491135,14410,991241117697192,7750,1071985067866469,5510,1685311809768835,1860,1258574673570405,640,870270463067859,380,1847759061051978
Región de Los Lagos,puerto_montt,8170,998267747000002,520,270355,2390,6524933,1680,11596453000029,1250,16988055999994,1280,39672133,650,45767116999979,220,295116,120,379208,50,343463,00,00,10,775670
Región de Los Lagos,calbuco,19310,258177947000148,560,255005,6770,21061001,5960,41833061,3950,5345858,1580,458402,290,197917,140,189074,30,120044,20,145036,00,00,10,30523000000148
Región de Los Lagos,cochamó,3310,726514533993387,30,21,300,946796,420,2865579,610,8451512,870,29510313,580,38675054,270,37574838,190,54869447993387,20,11839994,10,17410,10,524350
Región de Los Lagos,fresia,5950,454923547394205,90,622,640,185888,940,676304,1120,1630005,1430,43356750000188,630,43088500000095,540,74387299999997,420,132727465424872,80,59132000000154,60,77247361968899,00,00
Región de Los Lagos,frutillar,4010,482500420000065,120,648,790,23804,530,3571900000002,550,75207,360,120949,410,29619399999955,510,711766,500,15763517,190,13058455000006,40,47392000000048,10,20460
Región de Los Lagos,los_muermos,13480,736900544999723,70,358,1040,3393479999989,1640,1204478,2750,39247936,4080,128678563999969,2250,157100284999935,980,133587699999967,510,144908100000036,150,97203899999917,00,00,10,2069999999991
Región de Los Lagos,llanquihue,1970,294982199998507,30,18,310,9025,210,14276,180,23056,300,9677,210,14422000000052,350,4919168961192801,210,63619199999884,120,77499200000886,40,52960510385757,10,229589
Región de Los Lagos,maullín,9110,317455509999736,110,5385,1100,322997,1400,995059999991,2100,29851790000011,2650,798736,1130,79009599999873,450,60648899999852,150,3824820000009,20,16589,00,00,00,00
Región de Los Lagos,puerto_varas,2320,2933681896000307,10,05,110,241,200,13625,280,3950736,460,1483664999994,360,2403195,290,41645699999967,470,13607513982237,110,69331120178358,20,23243099999672,10,2618959
Región de Los Lagos,castro,8730,123368253999996,200,91645,2540,7691715,2770,19260373999996,2000,26993525,960,28653595,120,79275,100,131059,20,6220,20,13424,00,00,00,00
Región de Los Lagos,ancud,11590,528040616999881,500,231825,2360,629582,2010,1424322,2350,3306505,2470,76383002,1070,719625,520,709288,210,62319999999881,50,333275,20,26760,30,1325229
Región de Los Lagos,chonchi,7770,868733002997069,190,8969,1320,4089109,1410,9805225,2110,30250215,1720,54497834,720,5110483,160,221492,90,28338,10,6196,00,00,40,662212899997069
Región de Los Lagos,curaco_de_vélez,3590,32935196538459,160,79451538459,1160,3226295,1130,77454,800,1143015,320,91388,20,13151,00,00,00,00,00,00,00,00,00,00
Región de Los Lagos,dalcahue,6640,169609559461665,170,74296,1040,3076850000004,1390,10099299,1680,24052682461541,1660,50078992,500,340297,130,1715774000012,60,15040,00,00,10,16000,00,00
Región de Los Lagos,puqueldón,4530,43128198,70,424,1290,38606,1550,11291848,1240,1655705,340,88661,40,25102,00,00,00,00,00,00,00,00,00,00
Región de Los Lagos,queilén,3630,7298983,30,125,720,19847,800,54002,950,131473,840,2508283,230,155986,50,75437,10,4220,00,00,00,00,00,00
Región de Los Lagos,quellón,6290,2037047740002931,140,805,1220,324035,1200,841406,1410,2003931,1400,423454725,580,39377,200,262591,50,165022,10,647649,10,141802,70,1860133057502931
Región de Los Lagos,quemchi,8290,17570268,50,178,1350,42196,1740,1277831,2360,3371434,2220,6791815,450,2935608,90,112634,10,2150,20,14285,00,00,00,00
Región de Los Lagos,quinchao,7850,72204024,150,63365,2720,8268028,2500,17632755,1760,23319647,660,19088704,60,3831525,00,00,00,00,00,00,00,00,00,00
Región de Los Lagos,osorno,6810,641003538737213,270,1292,1640,4657800999994,990,6693250000028,850,12037350000016,900,2858611599998,590,3989519999999,690,96184206824533,590,181994528964069,240,164310568312994,40,50636017635616,10,55879299999993
Región de Los Lagos,puerto_octay,3360,794413165929581,10,05,540,1824,440,30251,600,84765,510,164387,300,2127835,330,46450800000038,370,112844050000176,140,95316049999387,80,95418399998921,40,393336215931059
Región de Los Lagos,purranque,3450,468595932153155,40,225,610,18089,560,406589999999,630,891709,550,179378,280,19743500000026,310,426999,230,73982399999999,150,103684496613149,30,443489,60,151384545539991
Región de Los Lagos,puyehue,6930,1456241691687458,220,1347,1960,5428900000002,1070,70748,1220,16064760000004,930,297233,640,46103299999996,300,42417300000388,310,103207954999936,170,123385926687132,60,77939125,50,1004761625
Región de Los Lagos,río_negro,5280,445759038098453,210,1071,1420,4011619999992,880,615171,860,118709,710,22395127991135,410,27744614697101,220,29154899999911,410,123506165435442,110,81941849999353,20,256469,30,113228149975519
Región de Los Lagos,san_juan_de_la_costa,8060,510780406881745,30,19,1170,3722362,1850,1315732,2210,3053075,1810,55112200000006,580,383424,260,357996,70,20572,20,10350,10,10000,50,293174774881739
Región de Los Lagos,san_pablo,6920,274825750105948,400,24915,2050,60053,1550,108453375,1280,17534822499968,780,2239639999993,290,19594832,250,36729884737017,200,68744561035571,110,7211544999948001,00,00,10,20610012333982
Región de Los Lagos,chaitén,2840,7869940170001904,10,05,190,5701,350,2527,510,76897,700,222007,360,241015,330,4777730000000001,220,7247917,90,573206,50,70368,30,7564901100001904
Región de Los Lagos,futaleufú,1460,658322028,00,00,30,75,100,7267,100,1454,260,8368303,380,27806,300,430076,230,64531325,50,304652,00,00,10,4818879
Región de Los Lagos,hualaihué,3040,115101010000014,100,5009,910,255314,640,47892,480,67184,410,115987,300,2114337000014,80,10679,60,18150,30,17467,00,00,30,10578612
Región de Los Lagos,palena,2060,695554025,00,00,10,30,70,56742,190,27412,440,14797,480,3290591,380,5458832,330,98276385,140,8895629,10,12050,10,3906415
Región de Aysén del General Carlos Ibáñez del Campo,total_región,19680,74363429595,390,21394,1660,47168715,1290,9174356,1370,196857,2690,86186497,2600,186294695,2690,3746504325,3510,111796708779486,2170,1513421235,840,111946301720514,470,69931655763
Región de Aysén del General Carlos Ibáñez del Campo,coyhaique,7770,4328194289992598,130,7074,650,18885355,520,378327,630,9314599999980001,1430,44311817,1220,85820495,1050,1424500225,1180,36976815,520,368833700000277,230,309048,210,2992904959992341
Región de Aysén del General Carlos Ibáñez del Campo,lago_verde,770,38456562,00,00,40,986,50,3347,30,430,30,8818,70,5220,70,9170,110,353455,230,1670504,90,1206713,50,35064539
Región de Aysén del General Carlos Ibáñez del Campo,aysén,2450,1334765973200017,60,313,220,570936,170,1267186,150,22164,280,933268,420,292925,320,42294,460,142928429999743,220,150348,90,116858,60,1285252030000043
Región de Aysén del General Carlos Ibáñez del Campo,cisnes/guaitecas,2270,6465471695,20,126,50,125,90,6165,120,16732,320,99135,360,252607,450,63777,540,177574695,240,1620014,60,8950630000000001,20,59350108
Región de Aysén del General Carlos Ibáñez del Campo,cochrane,1280,1132821485,10,05,50,185,40,306,40,478,40,1575,40,2780,150,23652,350,1200373,320,233543985,150,199735,90,5505242
Región de Aysén del General Carlos Ibáñez del Campo,tortel/o'higgins,390,18514321873,10,06,00,00,10,90,30,346,20,599,60,4740,60,870002,50,14475,30,18195,60,7338035,60,18393790503
Región de Aysén del General Carlos Ibáñez del Campo,chile_chico,2610,361668672,150,798,440,11774,260,17728,250,33938,280,9375,170,137729,170,2383059,400,12608878,330,23838725,120,1629444,40,3035864
Región de Aysén del General Carlos Ibáñez del Campo,río_ibáñez,2620,2311261760000723,20,135,220,6864,160,10689,150,21947,320,108977,300,22083,440,626717,560,180270,310,2003035,70,799251,70,2255250310000723
Región de Magallanes y de la Antártica Chilena,total_región,5830,115035326638,650,320066,820,1755184,190,1230698,220,3084,220,703953,100,7260,200,31076,320,11159156,260,1782124,260,3644218,2590,1143293354
Región de Magallanes y de la Antártica Chilena,punta_arenas,1740,4607925580007789,480,22358,410,75674,20,140,100,12467,100,33568,30,2180,60,10170,140,4675006,70,46720,80,120699800007789,250,43756819
Región de Magallanes y de la Antártica Chilena,laguna_blanca,320,2755052300021587,00,00,00,00,00,00,00,00,10,234,00,00,00,00,20,6210,00,00,00,00,290,2748608300021587
Región de Magallanes y de la Antártica Chilena,río_verde,350,26311008999921,00,00,00,00,00,00,00,00,00,00,00,00,00,00,00,00,10,999999999593,80,129234605261175,260,2491866294734995
Región de Magallanes y de la Antártica Chilena,san_gregorio,260,5973299999983354,00,00,00,00,00,00,00,00,00,00,10,500,00,00,00,00,00,00,00,00,250,5972799999983354
Región de Magallanes y de la Antártica Chilena,cabo_de_hornos,210,176225967,10,05,30,5300000000000001,30,225,20,220,20,460,10,800,00,00,20,8000,40,294674,10,19720,20,175636463
Región de Magallanes y de la Antártica Chilena,porvenir,1220,6811964916014435,60,34116,70,113,00,00,10,140,20,500,00,00,40,66937,40,15590,110,75790,70,93800,800,6619304100014435
Región de Magallanes y de la Antártica Chilena,primavera,430,3181309599985515,10,009,00,00,00,00,00,00,00,00,00,00,00,00,10,3800,00,00,20,26000,390,3151508699985515
Región de Magallanes y de la Antártica Chilena,timaukel,230,623134900000005,00,00,00,00,00,00,00,00,00,00,00,00,00,00,00,00,10,6890,10,18700,210,620575900000005
Región de Magallanes y de la Antártica Chilena,natales,1600,6024668411199311,100,5737,320,838944,140,865698,100,1606,60,19482,70,493999999725,110,16036,100,341315,60,40315,100,140200000000691,440,6000574539999517
Región de Magallanes y de la Antártica Chilena,torres_del_paine,280,4974043530002059,00,00,10,45,00,00,00,00,10,41183,00,00,00,00,00,00,00,00,00,00,260,4973586700002059
