total_nacional_region__,comuna_56__,total__numero_de_upa7,total__superficie_ha,tamano_de_la_upa__menores_de_1_ha__numero_de_upa,tamano_de_la_upa__menores_de_1_ha__superficie_ha,tamano_de_la_upa__de_1_a_menos_de_5_ha__numero_de_upa,tamano_de_la_upa__de_1_a_menos_de_5_ha__superficie_ha,tamano_de_la_upa__de_5_a_menos_de_1ha__numero_de_upa,tamano_de_la_upa__de_5_a_menos_de_1ha__superficie_ha,tamano_de_la_upa__de_1a_menos_de_2ha__numero_de_upa,tamano_de_la_upa__de_1a_menos_de_2ha__superficie_ha,tamano_de_la_upa__de_2a_menos_de_5ha__numero_de_upa,tamano_de_la_upa__de_2a_menos_de_5ha__superficie_ha,tamano_de_la_upa__de_5a_menos_de_10ha__numero_de_upa,tamano_de_la_upa__de_5a_menos_de_10ha__superficie_ha,tamano_de_la_upa__de_10a_menos_de_20ha__numero_de_upa,tamano_de_la_upa__de_10a_menos_de_20ha__superficie_ha,tamano_de_la_upa__de_20a_menos_de_50ha__numero_de_upa,tamano_de_la_upa__de_20a_menos_de_50ha__superficie_ha,tamano_de_la_upa__de_50a_menos_de_1.00ha__numero_de_upa,tamano_de_la_upa__de_50a_menos_de_1.00ha__superficie_ha,tamano_de_la_upa__de_1.00a_menos_de_2.00ha__numero_de_upa,tamano_de_la_upa__de_1.00a_menos_de_2.00ha__superficie_ha,tamano_de_la_upa__de_2.00ha_y_mas__numero_de_upa,tamano_de_la_upa__de_2.00ha_y_mas__superficie_ha
Región del Maule,Licantén,204,17051.4294329975,19,6.782,37,95.5269999998,33,241.69,59,784.341,32,988.904,8,604.78,7,1062.6899999995,6,1820.2100000631,1,823.1020630823,1,1359.6679369885,1,9263.7354328643
Región del Maule,Molina,450,73285.7738160058,59,29.734,144,328.2489999993,63,452.0517499997,65,945.2307499977001,47,1570.3825000089,26,1866.8787499979,18,2440.477250048,13,3725.2898234877,5,3312.127,3,4647.4999929551,7,53967.8529995115
Región del Maule,Rauco,330,15265.9060000298,43,22.1400000003,128,314.15,37,258.1892500016,44,644.6617500006,33,1130.1850000026,17,1124.1768945267,11,1518.32,11,3746.633105498,3,2013.45,3,4494,0,0
Región del Maule,Romeral,416,86390.9069805067,65,30.5995,135,314.0550000007,59,427.13,58,798.9900000022,47,1454.3697999782,22,1549.6700003982,8,968.4100000118,7,2239.2000000077,2,1137,4,5837.3,9,71634.1826801079
Región del Maule,Sagrada Familia,393,40152.4839983894,31,15.57,121,311.8500000044,64,444.8187499984,53,757.9800000019,45,1514.9499999856,26,1834.8040000048,13,1919.9412500158,17,5657.1499999792,11,6829.1899983993,9,12402.23,3,8464
Región del Maule,Teno,863,41016.604690139,107,55.8072000011,243,603.1799999997,118,819.2150000003,177,2450.5937499784,119,3549.0062499987,50,3425.9050000008,26,3787.942,11,3260.9099999755,8,5372.7,3,3934.3454901845,1,13757
Región del Maule,Vichuquén,140,20663.1711748377,14,8.768,28,81.8090000169,21,154.314,14,185.39,26,808.54,15,1071.3500000035,9,1325.41,7,1970.5000000209,5,3579.9999999584,0,0,1,11477.090174838
Región del Maule,Linares,1090,49423.00287135,134,69.5429999976,334,880.353,173,1191.670500002,166,2369.8637499967,158,4853.7095000007,77,5198.0097499853,33,4430.0008431953,10,3021.700000025,0,0,2,2580,3,24828.1525281474
Región del Maule,Colbún,485,48428.0409798947,58,22.8002,161,382.263,71,483.2499999988,82,1140.9579999994,51,1590.6181458299,25,1832.4280781095,17,2493.8937760714,5,1645,7,4730.76,2,3880,6,30226.0697798857
Región del Maule,Longaví,1652,63985.8853940956,250,121.7688,550,1305.132,220,1500.39,276,3827.1940625007,209,6293.1490000088,70,4951.8318749939,47,6276.9186568592,20,5767.0815626698,3,1784,4,6586.5,3,25571.9194370632
Región del Maule,Parral,1257,88532.2199302182,153,77.589,339,785.6771999994,164,1175.2340000004,171,2415.7799999994,206,6410.056499999,114,7988.5424999463,54,7436.5249997498,42,12733.055000046,9,5739.717000000001,1,1204.2999999258,4,42565.7437305521
Región del Maule,Retiro,932,43304.8500018622,88,47.1839999978,261,622.6192000023,108,760.5600000007,146,2152.3724999988,159,4842.2810001663,76,5188.7475000048,52,6909.9898999904,30,9864.929999924,7,4074.5500000525,3,3633.8959017246,2,5207.719999999999
Región del Maule,San Javier,901,81500.0495581883,52,26.38,210,579.9955034483,126,899.368,157,2203.5478965518,174,5274.7446000005,78,5190.605249993,47,6632.2099999932,37,10839.66875,12,8576.2600000731,3,3049.74,5,38227.5295581284
Región del Maule,Villa Alegre,356,8726.3253000032,74,31.2212999995,86,226.68,54,368.2959999997,46,664.067,47,1384.0089999873,28,1968.1080000137,11,1426.6,10,2657.344000003,0,0,0,0,0,0
Región del Maule,Yerbas Buenas,698,12936.1606791931,150,69.6789999998,206,481.7414397615,81,571.0600000887,109,1572.5965416684,96,2734.3406249858,28,1873.691,20,2820.8408935845,7,2137.95,1,674.2611791044,0,0,0,0
Región de Ñuble,Total Región,12171,807993.0097955877,985,479.4771,3969,10759.4101,2233,15535.88125,1945,27302.1798,1623,50195.1242754722,661,44760.28685,378,52280.8035,242,69944.7831000458,76,53657.28575,29,39938.96,30,443138.8180700698
Región de Ñuble,Chillán,826,29480.5911579129,98,47.455,264,721.8330000018,107,762.2947500001,124,1774.19115,125,3775.8760000058,46,3022.4775,36,5299.9936000078,20,5300.938,4,2834.05,1,1030.71,1,4910.7721578974
Región de Ñuble,Bulnes,738,32945.4890105587,46,23.115,195,489.2980000007,116,794.4600000003,116,1631.7499999936,136,4159.1050000015,58,3921.7987499896,39,5278.7285,26,7749.683,3,1912.97375,1,1354.18,2,5630.397010573
Región de Ñuble,Chillán Viejo,270,17753.9707955363,24,11.69,101,263.9,28,193.99,29,421.25,42,1316.7075,21,1523.1825,9,1243.98,7,2149.5300001067,8,6248.1699999611,0,0,1,4381.5707954685
Región de Ñuble,El Carmen,1168,63516.563979052,15,8.1493,286,922.323,279,1971.214,241,3497.642,189,5963.3760000135,88,6119.96,36,5062.120000002,18,5424.715,10,6612.455,3,3933.8000000273,3,24000.8096790092
Región de Ñuble,Pemuco,378,46586.4124071266,8,3.85,75,243.031,81,551.05,66,908.61,68,2177.58,36,2502.9246000205,21,2770.36,16,4830.9,4,2304.99,2,2560.869999998,1,27732.2468071081
Región de Ñuble,Pinto,442,54328.1180999424,15,7.613,127,366.6024999999,87,616.1775,82,1138.07425,74,2208.109,22,1422.88,22,3227.385,8,2426.49,2,1620.9437494877,0,0,3,41293.8431004548
Región de Ñuble,Quillón,636,14457.6983498291,105,59.445,309,693.5339999999,108,735.0789999994,57,773.074,35,1003.46,10,781.25,6,941.2499999975,5,1626.2,0,0,0,0,1,7844.4063498323
Región de Ñuble,San Ignacio,967,21242.7233146501,27,15.664,385,1065.506,214,1472.97,155,2145.473000001,111,3471.195,30,1997.02,25,3256.8019999982,17,4774.4499999709,2,1148.43,1,1895.21331468,0,0
Región de Ñuble,Yungay,481,56244.135885924,20,9.33,151,436.7746,95,675.44,83,1139.8975,66,2029.2245,27,1941.81,14,1842.99,10,2979.87,9,6351.17,5,7222.76,1,31614.869285924
Región de Ñuble,Quirihue,304,32660.3903556445,3,1.7798,56,163.225,67,478.375,60,871.326,53,1730.9715998549,30,2066.21,21,2921.4700000559,7,1778.365714292,3,2017.1,2,3488.9000000129,2,17142.6672414288
Región de Ñuble,Cobquecura,391,25339.3986043168,14,6.28,122,352.2595,77,529.4705,78,1094.97,63,1979.99,20,1479.78,7,880.12,6,1462.4,2,1524.61428576,1,1033.21,1,14996.3043185568
Región de Ñuble,Coelemu,348,21969.2938329051,26,13.88,129,327.785,67,478.3399999998,65,874.7,30,992.65,15,1074.92,8,1167.1500000057,5,2033.8399999988,1,725.4200000781,1,1014.3,1,13266.3088328227
Región de Ñuble,Ninhue,420,21127.1145738312,14,7.227,137,412.21,91,643.86,67,934.52,66,2055.2799999998,25,1642.7599999965,11,1379.2800004253,6,1958.3899999804,1,893,1,1342.8000001152,1,9857.787573314
Región de Ñuble,Portezuelo,248,14144.5680089003,18,9.1788,83,213.9199999997,53,383.235,36,489.29,38,1124.7949999897,8,528.7500000437,2,211.3,7,2215.169999507,1,641.74,1,1226,1,7101.1892093602
Región de Ñuble,Ránquil,347,11709.3195917343,57,26.889,164,401.883,43,269.74,40,554.225,24,739.98,10,726.88,3,394,5,1584.37,0,0,0,0,1,7011.3525917343
Región de Ñuble,Treguaco,208,12989.8872544747,2,1.14,78,228.82,54,371.3,35,476.06,25,804.9756754722,7,401.19,3,343.5600000354,1,407.6,1,688.2099999954,0,0,2,9267.0315789717
Región de Ñuble,San Carlos,1541,53499.8869653742,205,88.7124,452,1207.6871000009,216,1487.280000021,250,3531.2625,204,6244.2099999976,99,6626.62,65,9162.8725,35,9027.4099994527,9,5768.3759999834,3,3268.67,3,7086.7864659186
Región de Ñuble,Coihueco,935,94786.0782920785,133,65.4047,313,777.6898000002,135,936.7240000007,114,1604.03,108,3417.805,48,3321.099,31,4223.3599999988,36,10719.11,9,6686.865,4,5415,4,57618.9907920788
Región de Ñuble,Ñiquén,974,29259.8060779753,101,51.2365000001,336,875.2446,174,1223.87,146,2065.8275,118,3660.0199998952,48,3302.2399999878,27,3611.87,19,5510.0425001358,3,2432.22,1,1240.6600004887,1,5286.5749774677
Región de Ñuble,San Fabián,326,114351.9974118027,54,20.912,121,313.173,48,328.629,29,412.138,26,780.865,11,738.155,8,1003.87,11,3059.41,2,1330,2,2787,14,103577.8454118027
Región de Ñuble,San Nicolás,764,39599.5658260181,39,19.7625,204,572.6409999999,150,1029.8624999997,118,1619.6869999996,118,3682.265,64,4440.3159999954,40,5609.7100000119,19,5221.5650000024,8,5505.9300001455,3,4397.1199999909,1,7500.7068258728
Región del Biobío,Total Región,12448,1358582.104013841,760,395.6545,4083,11097.4678991927,2346,16368.69915,2191,30042.986365625,1710,52669.06555,683,47226.515302269,351,48792.67525,197,60962.3957641817,72,48552.403234375,31,42358.9382046946,24,1000115.302793503
Región del Biobío,Concepción,59,10453.1574919108,3,1.55,17,38.983,13,88.1345,9,128.6,9,267.5,2,130,2,316,2,584.8999999907,1,517.4,0,0,1,8380.0899919201
Región del Biobío,Florida,465,26841.1828127497,23,13.9692,167,466.77225,76,548.33,86,1185.08975,63,1809.677,33,2310.749,9,1258.0775,6,1712.0010006918,1,597.7000001829999,0,0,1,16938.8171118749
Región del Biobío,Penco,54,4023.5189994973,4,1.9,20,48.0296,6,40.69,19,275.4394,3,84,1,90,0,0,0,0,0,0,0,0,1,3483.4599994973
Región del Biobío,San Pedro de La Paz,34,4260.3199911911,4,1.76,20,38.69,4,22,3,39.4,2,76.4,0,0,0,0,0,0,0,0,0,0,1,4082.0699911911
Región del Biobío,Santa Juana,576,60451.5597852488,37,19.5792,207,562.2906,128,889.2201,97,1305.1008,74,2015.0679,18,1213.0255,7,971.6500003,3,857.2875,3,2454.1,1,1228.78,1,48935.4581849488
Región del Biobío,Tomé,242,23776.2193310695,24,9.57,109,292.493,43,290.3276,33,409.15,19,510.03,6,430.61,2,310,3,834.7225000000001,2,1528.0599992242,0,0,1,19161.2562318453
Región del Biobío,Chiguayante/Hualqui,409,33180.7201611275,28,16.1445,143,390.409,85,574.8203,80,1098.4672,45,1397.04,13,876.76,6,828.12,4,1206.799999299,3,2230.8,0,0,2,24561.3591618285
Región del Biobío,Coronel/Lota,114,23970.4595032358,24,12.2094,36,87.6421,11,84.86,17,221.574,12,350.404,4,278,0,0,9,2804.97,0,0,0,0,1,20130.8000032358
Región del Biobío,Talcahuano/Hualpén,24,4626.8679999764,1,0.7,5,18.8,2,16.17,0,0,7,231.4999999764,1,71.058,3,449.49,3,1086.15,1,556,0,0,1,2197
Región del Biobío,Lebu,259,41486.9969991604,4,1.6,46,141.272,46,318.892,50,742.923,50,1558.45,32,2203.4700000117,16,2003.5299999915,10,3085.8800002982,0,0,2,3702.0999999507,3,27728.8799989083
Región del Biobío,Arauco,531,71491.0253872471,12,6.646,105,315.2654,73,525.169,101,1433.425,138,4370.83,48,3416.07,31,4385.94,16,4795.4999995418,6,4595.1999998181,0,0,1,47646.9799878872
Región del Biobío,Cañete,919,66538.431995156,40,19.361,278,834.897,285,1993.032,160,2190.965515625,102,3228.5,30,2046.9900000093,6,716.9,12,3330.496484375,1,500,2,2899,3,48778.2899951467
Región del Biobío,Contulmo,118,31487.6850128049,16,7.755,40,98.878,11,70.28,17,226.4,17,560.662,7,559.87,3,368.1,4,1330.4399999716,1,861.54,0,0,2,27403.7600128333
Región del Biobío,Curanilahue,172,85267.06160601821,5,2.27,23,68.04,27,194.3096,43,566.392,35,1055.2699999992,20,1430.1599999114,14,1787.95,3,979.8000000647,0,0,1,1616.76,1,77566.1100060429
Región del Biobío,Los Álamos,282,41818.3540012642,6,2.574,61,189.54,74,539.56,57,764.4,52,1834.23,24,1530.2,1,149.8,2,553.8300000565,2,1192.9000000879,2,3404.91,1,31656.4100011198
Región del Biobío,Tirúa,405,26943.925996732,14,7.059,85,229.45,106,754.4782,128,1651.7188,50,1548.97,14,886.0699999999999,4,530.5,1,263.3700000019,1,506.2,1,1338.6500001875,1,19227.4599965426
Región del Biobío,Los Ángeles,2260,111994.4487858668,161,90.4206000012,772,2122.4192000011,393,2763.7094,372,5089.9694000042,279,8504.0030000009,114,8138.203,98,13411.8541538689,51,15320.5880001909,13,8513.245000012299,4,5741.9800000003,3,42298.057031787
Región del Biobío,Antuco,112,68762.5900081307,9,3.04,36,96.69,15,94.6,13,169.43,9,277.5,11,758.4725,6,922.55,5,1608.75,3,2503.2200086079,1,1362.8275,4,60965.50999952279
Región del Biobío,Cabrero,307,42034.981145592,23,13.5,100,269.13,42,286.34,41,555.604,48,1574.495,33,2346.1335,9,1244.68,8,2646.0770312726,1,841.20046875,0,0,2,32257.8211455694
Región del Biobío,Laja,354,21681.9550015049,47,25.066,156,451.666,67,472.005,25,380.58,26,766.37,17,1271.119,6,956.72,5,1884.91,4,2455.709,0,0,1,13017.8100015049
Región del Biobío,Mulchén,687,141527.404370589,32,17.106,189,529.681,99,675.49,142,2004.68,105,3143.8299999913,31,2073.23,34,4722.4699999526,29,9009.4100000206,15,10751.6733680136,6,8035.96,5,100563.8740026109
Región del Biobío,Nacimiento,564,58577.4674929376,19,9.47,148,414.643,117,815.4615,114,1594.111,94,2830.8729,43,2838.2174996106,20,2918.1300000046,5,1305.4475,2,1134.1,1,1114,1,43603.0140933224
Región del Biobío,Negrete,381,10962.0164116628,33,15.1517,104,255.5457,72,496.949,72,974.055,64,2041.519999999,14,986.4749999959,15,1894.2625,5,1829.5175,1,719.9700000215,1,1748.5700116464,0,0
Región del Biobío,Quilaco,314,69356.351738643,15,7.48,70,188.1291335494,55,390.962,53,736.455,68,2149.7119999989,33,2149.0208022689,11,1486.8865141715,2,569.0000000081,3,1553.89275,1,1270.4604781277,3,58854.3530605185
Región del Biobío,Quilleco,548,76239.5191445593,18,10.221,135,398.0789156433,103,760.3421,107,1468.8575,104,3192.1425,32,2107.69,19,2883.9072047199,15,4797.4675,8,5659.1800000051,1,1000,6,53961.632424191
Región del Biobío,San Rosendo,77,8798.2500727392,9,3.169,23,52.989,14,94.08500000000001,15,218.7,9,357.455,5,370.48,1,116.2399996258,0,0,0,0,0,0,1,7585.1320731134
Región del Biobío,Santa Bárbara,636,70541.6719929199,27,15.3809,194,576.956,108,762.845,121,1659.9289999991,85,2611.1779999988,43,3040.7,24,3349.359,16,5674.39,12,8039.5,2,3000,4,41811.434092922
Región del Biobío,Tucapel,406,50682.927009733,11,5.154,107,319.77,80,548.647,81,1135.64,63,1887.065,33,2152.567,19,2706.438,4,978.5,4,2990.37,1,1197.716,3,36761.060009733
Región del Biobío,Yumbel,838,36002.1677645734,82,40.848,282,765.272,165,1130.05985,133,1816.68,103,3236.79125,43,3072.9145000042,14,1976.05,11,3241.7979999048,3,1884.11,1,1429.7,1,17407.9441646644
Región del Biobío,Alto Biobío,571,34802.866,40,19.5,434,905.466,46,277.4,19,243,18,513.5,4,229,2,250,1,450,2,1400,2,2468,3,28047
Región de La Araucanía,Total Región,36552,1910167.97394177,1126,584.176,11145,32750.7155396393,8811,61810.3025151015,7210,98602.097526095,4997,152183.0464424891,1635,111497.3000993661,789,108421.9495468751,491,148906.0776758309,187,132826.2856527482,103,142454.6008158788,58,920131.4221277459
Región de La Araucanía,Temuco,2014,31047.6680859516,127,66.0753,793,2273.7053999998,511,3625.515,380,5167.4478,143,3873.0805,28,1913.89,18,2629.191087704,11,2866.28,1,760.1999999999999,1,1624.69,1,6247.5929982478
Región de La Araucanía,Carahue,2154,91089.5658717696,32,18.149,461,1403.8114999976,516,3659.5603,486,6860.4929999994,449,13997.1619999991,140,9249.9648,44,6033.51,13,4083.79,8,5614.700000032,3,4146.5330014348,2,36021.8922703067
Región de La Araucanía,Cunco,1374,78072.6181196778,12,7.2293,293,902.973,295,2079.3278,302,4172.8710000006,256,8157.873,95,6393.894999992,48,6724.710000012,39,12486.8030000189,25,17437.2474999439,8,10466.68,1,9243.0085197104
Región de La Araucanía,Curarrehue,687,28647.7778,8,4.3188,166,522.944,141,973.01,143,1995.025,125,3799.05,41,2790.725,35,4644.485,19,5200.22,6,4469.1,2,2076,1,2172.9
Región de La Araucanía,Freire,1946,51352.0276021173,95,47.0869999996,731,2143.0662999978,527,3601.4097999998,317,4184.018000033,148,4260.1065000083,42,2814.5299999986,35,4871.2299999779,29,8649.4638165279,15,10717.0899355106,7,10064.0262500638,0,0
Región de La Araucanía,Galvarino,1492,41412.0373407597,44,20.336,354,1117.036,356,2530.825,396,5461.2412408231,252,7037.9785,44,2787.5920967742,21,3010.6469827573,10,2924.192534495,7,4675.8656451613,7,9443.8233407488,1,2402.5
Región de La Araucanía,Gorbea,822,45717.2113711235,13,7.03,140,390.5500000001,162,1137.9485869572,160,2123.890560747,178,5712.862499998,77,5303.1790032078,52,6793.8793478341,31,9064.9119392422,7,4630.4499999688,1,1119.3900000325,1,9433.1194331358
Región de La Araucanía,Lautaro,1916,62104.4958634803,61,30.5633,719,2113.5191000005,517,3641.1383999994,336,4392.2664999958,158,4610.6395500401,59,4082.3395355923,27,3721.2399999905,21,6436.0637500155,7,4638.319999993,5,6244.52,6,22193.8857278532
Región de La Araucanía,Loncoche,1338,63311.0075006783,16,9.37,262,799.6512016386,312,2177.842,314,4453.9779999999,285,8869.3022000086,93,6474.3791983575,28,3952.5799999994,23,7084.0550000179,1,702,2,2780.19,2,26007.6599006564
Región de La Araucanía,Melipeuco,363,38491.6875000454,7,4.560000000000001,89,260.0967,84,615.61,53,724.0208,49,1507.04,39,2761.3,24,3022.5,5,1496.6,3,1947.0000000075,5,6865.620000037899,5,19287.34
Región de La Araucanía,Nueva Imperial,2298,40013.4697472243,56,28.75,834,2589.5890000012,677,4723.0929000017,469,6321.821,191,5541.9845,41,2759.03,13,1699.39,11,3223.62,2,1378.2823349275,2,2461.88,2,9286.0300122939
Región de La Araucanía,Padre Las Casas,2768,16499.0916921727,229,118.089,1599,4476.3079999997,669,4532.5073,203,2588.4632499956,50,1352.2337500012,6,367.92,7,1022.0600138141,3,914.9603783714001,2,1126.5499999907,0,0,0,0
Región de La Araucanía,Perquenco,688,24888.2919999752,41,20.581,303,828.558,155,1074.4150000007,78,1060.808,43,1246.84,18,1247.3200000102,15,2127.0305000043,22,6142.9295000039,9,6099.0699999959,4,5040.7399999602,0,0
Región de La Araucanía,Pitrufquén,1619,42540.0904459613,59,32.4775999998,486,1390.7365999915,385,2715.6991000002,350,4737.5591998441,215,6517.8850000057,80,5434.8479999933,27,3626.1700000072,10,3056.3500000476,5,3562.9299998615,1,1513.4049462104,1,9952.029999999999
Región de La Araucanía,Pucón,437,132098.421988,7,4.006,93,283.059988,81,578.207,81,1121.1225,78,2510.87,37,2556.5,33,4416.9175,15,4251.615,6,3921.998,5,8042.9,1,104411.226
Región de La Araucanía,Saavedra,1723,21974.0932667478,25,13.4400000001,551,1660.9670000016,540,3854.1477774091,391,5351.5029999994,160,4619.9800000048,44,2968.348,6,796.1775,3,668.08,3,2041.4499893328,0,0,0,0
Región de La Araucanía,Teodoro Schmidt,2034,44604.7232222694,26,14.8500000005,514,1647.5699999995,527,3790.2259353045,512,7085.8028895783,325,9912.9100000033,74,4914.7099999964,38,5371.5393976909,14,3858.845,2,1316.4,0,0,2,6691.869999696
Región de La Araucanía,Toltén,1162,64796.3873285556,18,10.2149999999,267,781.9594999998,272,1907.2076000003,227,3130.303000001,257,7953.1814999953,69,4504.600000000201,32,4365.6890487882,9,2659.31,7,5154.93,1,1336,3,32992.9916797709
Región de La Araucanía,Vilcún,1559,75747.1255764286,84,45.758,536,1476.5002999995,350,2441.6118000004,257,3398.7163,174,5749.4400999972,58,4089,36,4899.3300000062,29,8518.99,19,13070.49,13,18291.99,3,13765.2990764253
Región de La Araucanía,Villarrica,1413,55009.1100754735,34,16.323,383,1125.858,325,2271.3843904303,303,4183.0677559068,230,7113.04095,63,4488.0789999622,31,4112.746753699,23,7027.115,12,8053.1582254906,6,8165.9099999846,3,8452.427
Región de La Araucanía,Cholchol,997,19351.7057704611,13,5.51,364,1056.1991499999,290,1987.3410000008,209,2840.50275,96,2658.6048,15,1063.36,4,555.49,3,769.79,1,648.95,0,0,2,7765.9580704604
Región de La Araucanía,Angol,577,76770.775564368,30,16.89,135,379.3550000052,71,503.8025000019,110,1609.5334999792,123,3877.44,61,4056.6225,23,3231.76,16,4810.972190986,2,1331.155,2,2280.7599999604,4,54672.4848734353
Región de La Araucanía,Collipulli,622,87760.2088437487,30,14.5565,210,599.84,148,1005.6754,100,1417.925,77,2363.177,29,2127.7170000669,11,1571.46,10,3209.7135872627,5,3624.5,0,0,2,71825.6443564191
Región de La Araucanía,Curacautín,281,142585.2512950955,5,2.6,52,148.78,41,298.3499999999,53,731.53,57,1570.6637664476,23,1594.45,15,2003.1455468751,16,5404.0506866946,7,5518.65,5,6749.7199999845,7,118563.3112950938
Región de La Araucanía,Ercilla,75,24097.3940261818,2,1.03,15,43.1,16,119.20875,3,40.75,15,533.9387499943,7,507.5999999841,2,294.23,8,2395.4619073485,4,2974.5967184776,2,2239.2899997776,1,14948.1879005997
Región de La Araucanía,Lonquimay,1057,189936.529,27,13.405,217,570,176,1169.49,170,2300.48,215,6988.041,116,7952.4,68,9252.492,34,10348.51,9,6154,8,11686.7,17,133501.011
Región de La Araucanía,Los Sauces,615,60412.2389681928,7,2.3035,74,231.7599999944,112,806.4580000008,159,2194.9654790276,139,4248.3373931231,67,4532.4428119628,24,3225.5630926467,21,5685.5000000083,5,3704.91,5,6704.4333160036,2,29075.5653754255
Región de La Araucanía,Lumaco,668,65252.340197656,6,4.3800000002,109,318.5799999998,131,886.8738482801,118,1681.882500001,168,5107.6806250169,83,5853.49,25,3286.0900000003,18,5572.7771722792,6,4675.3016367015,3,3939.3159181168,1,33925.9684972602
Región de La Araucanía,Purén,722,28377.6383146133,16,8.064,138,417.386999998,185,1262.5300000008,135,1928.8400000001,157,5020.8680267164,44,3104.8399999917,26,3459.575,14,4624.3599999987,4,2983.1703904522,2,2392.5000000089,1,3175.5038974465
Región de La Araucanía,Renaico,247,17177.3448585503,19,9.1,79,208.9500000053,39,281.33,40,577.2665,33,992.29,15,1023.16,10,1497.98,7,2417.9225,4,2471.3658572372,0,0,1,7697.9800013078
Región de La Araucanía,Traiguén,736,63008.6404397917,14,7.799,82,248.28,149,1148.9580000044,221,3021.8080000006,120,3740.9972,52,3880.709999997,44,6733.7200000268,31,9946.5300000295,16,10378.542,4,4785.710000032,3,19115.5862397014
Región de La Araucanía,Victoria,862,86021.0042646988,6,3.11,240,723.293999968,176,1243.4039999997,189,2461.8500000014,94,2763.6834999956,38,2554.61,46,6512.3399999945,46,15428.2949999909,13,8631.13,11,14956.7174999224,3,30742.5702648263
Región de Los Ríos,Total Región,8749,1224008.426857959,268,134.1309,2162,6153.8956,1869,13006.4144,1676,23031.2979,1390,42757.9868,582,40140.8625,316,43097.746,254,79526.7201342813,117,82643.2545000652,67,89597.3423658615,48,803918.7757577512
Región de Los Ríos,Valdivia,353,67798.8751928431,21,8.234,77,216.787,50,357.821,45,632.889,65,1872.37,38,2603.33,29,3848.2100000044,18,5499.5265,3,2007.2875,2,3051,5,47701.4201928387
Región de Los Ríos,Corral,167,43791.09916578671,7,3.55,46,119.351,22,142.25,27,369.42,34,880.65,16,1130.55,8,982.2,2,505.5,1,720.64,1,1571.587114593,3,37365.4010511937
Región de Los Ríos,Lanco,457,34040.7520465018,4,2,90,257.23,109,791.936,125,1766.495,72,2187.586,24,1665,14,1887.185,11,3053.84236,6,4660.5476832673,1,1399.4,1,16369.5300032345
Región de Los Ríos,Los Lagos,538,105967.1127037624,24,11.9612,99,260.2374,109,770.2929,77,1018.7662000008,82,2639.34725,38,2671.6641679945,31,4367.9499999956,36,12048.380966338,21,15035.41,16,21333.7126157693,5,45809.3900036642
Región de Los Ríos,Máfil,409,48766.1939989534,18,9.855,78,192.396,68,460.03,67,925.26,75,2297.837,40,2916.13,23,3079.85,25,8215.53,11,6469.7259969327,2,2173,2,22026.5800020207
Región de Los Ríos,Mariquina,894,88525.7383849514,38,17.589,206,569.802,157,1086.463,167,2326.3255,164,5231.8492,84,5752.15,38,4767.65,26,8260.2923167327,8,4895.43,2,2337.825,4,53280.3623682187
Región de Los Ríos,Paillaco,667,69885.48165127709,16,9.174,133,392.8786000006,113,790.9100000006,139,1940.9200000017,108,3323.787999999,69,4795.43,37,5198.99,28,8075.0599999978,13,8432.3200000596,4,4994.7699999428,7,31931.241051275
Región de Los Ríos,Panguipulli,1322,249356.9771832727,10,5.585,279,866.2822,337,2369.84025,315,4368.6102,217,6322.73425,69,4555.7865,30,4077.2801430862,30,9318.35,12,8370.4625,9,11924.95289,14,197177.0932501865
Región de Los Ríos,La Unión,1227,162708.4706327308,35,17.927,324,919.0334,255,1786.451250001,213,2897.2529999994,221,6925.4250999892,76,5302.14,47,6737.8210000296,38,11127.7410000443,8,5562.4300000565,5,7272.979999998701,5,114159.2688826121
Región de Los Ríos,Futrono,545,97918.2396650196,26,12.5805,171,439.82,101,668.3399999994,87,1140.8999999994,64,2153.58,28,1979.31,17,2475.3700000856,17,5487.4149999945,19,14126.82,6,8303.954,9,61130.1501649407
Región de Los Ríos,Lago Ranco,661,111161.5420002272,11,5.504,175,521.9469999998,173,1201.239,125,1709.132,91,2858.725,37,2455.3150000284,22,2813.3,17,5763.6999995165,0,0,5,6089.1,5,87743.5800006825
Región de Los Ríos,Río Bueno,1683,144087.944232633,62,32.2712,491,1415.891,386,2660.891,296,4021.2370000028,205,6262.505,84,5864.666,47,6574.91,62,20167.2410369585,26,17487.872,13,18168.4099999435,11,61432.0499957282
Región de Los Lagos,Total Región,18343,2629360.929498168,439,224.3261,3931,11624.925,3781,26645.57115,3812,53085.33635,3325,102283.3966491135,1441,99124.1117697192,775,107198.5067866469,551,168531.1809768835,186,125857.4673570405,64,87027.0463067859,38,1847759.061051978
Región de Los Lagos,Puerto Montt,817,99826.7747000002,52,27.0355,239,652.4933,168,1159.6453000029,125,1698.8055999994,128,3967.2133,65,4576.7116999979,22,2951.16,12,3792.08,5,3434.63,0,0,1,77567
Región de Los Lagos,Calbuco,1931,25817.7947000148,56,25.5005,677,2106.1001,596,4183.3061,395,5345.858,158,4584.02,29,1979.17,14,1890.74,3,1200.44,2,1450.36,0,0,1,3052.3000000148
Región de Los Lagos,Cochamó,331,72651.4533993387,3,2.1,30,94.6796,42,286.5579,61,845.1512,87,2951.0313,58,3867.5054,27,3757.4838,19,5486.9447993387,2,1183.9994,1,1741,1,52435
Región de Los Lagos,Fresia,595,45492.3547394205,9,6.22,64,185.888,94,676.304,112,1630.005,143,4335.6750000188,63,4308.8500000095,54,7438.7299999997,42,13272.7465424872,8,5913.2000000154,6,7724.7361968899,0,0
Región de Los Lagos,Frutillar,401,48250.0420000065,12,6.48,79,238.04,53,357.1900000002,55,752.07,36,1209.49,41,2961.9399999955,51,7117.66,50,15763.517,19,13058.455000006,4,4739.2000000048,1,2046
Región de Los Lagos,Los Muermos,1348,73690.0544999723,7,3.58,104,339.3479999989,164,1204.478,275,3924.7936,408,12867.8563999969,225,15710.0284999935,98,13358.7699999967,51,14490.8100000036,15,9720.3899999917,0,0,1,2069.999999991
Región de Los Lagos,Llanquihue,197,29498.2199998507,3,1.8,31,90.25,21,142.76,18,230.56,30,967.7,21,1442.2000000052,35,4919.168961192801,21,6361.9199999884,12,7749.9200000886,4,5296.0510385757,1,2295.89
Región de Los Lagos,Maullín,911,31745.5509999736,11,5.385,110,322.997,140,995.059999991,210,2985.1790000011,265,7987.36,113,7900.9599999873,45,6064.8899999852,15,3824.820000009,2,1658.9,0,0,0,0
Región de Los Lagos,Puerto Varas,232,293368.1896000307,1,0.5,11,24.1,20,136.25,28,395.0736,46,1483.664999994,36,2403.195,29,4164.5699999967,47,13607.513982237,11,6933.1120178358,2,2324.3099999672,1,261895.9
Región de Los Lagos,Castro,873,12336.8253999996,20,9.1645,254,769.1715,277,1926.0373999996,200,2699.3525,96,2865.3595,12,792.75,10,1310.59,2,622,2,1342.4,0,0,0,0
Región de Los Lagos,Ancud,1159,52804.0616999881,50,23.1825,236,629.582,201,1424.322,235,3306.505,247,7638.3002,107,7196.25,52,7092.88,21,6231.9999999881,5,3332.75,2,2676,3,13252.29
Región de Los Lagos,Chonchi,777,86873.3002997069,19,8.969,132,408.9109,141,980.5225,211,3025.0215,172,5449.7834,72,5110.483,16,2214.92,9,2833.8,1,619.6,0,0,4,66221.2899997069
Región de Los Lagos,Curaco de Vélez,359,3293.5196538459,16,7.9451538459,116,322.6295,113,774.54,80,1143.015,32,913.88,2,131.51,0,0,0,0,0,0,0,0,0,0
Región de Los Lagos,Dalcahue,664,16960.9559461665,17,7.4296,104,307.6850000004,139,1009.9299,168,2405.2682461541,166,5007.8992,50,3402.97,13,1715.774000012,6,1504,0,0,1,1600,0,0
Región de Los Lagos,Puqueldón,453,4312.8198,7,4.24,129,386.06,155,1129.1848,124,1655.705,34,886.61,4,251.02,0,0,0,0,0,0,0,0,0,0
Región de Los Lagos,Queilén,363,7298.983,3,1.25,72,198.47,80,540.02,95,1314.73,84,2508.283,23,1559.86,5,754.37,1,422,0,0,0,0,0,0
Región de Los Lagos,Quellón,629,203704.7740002931,14,8.05,122,324.035,120,841.406,141,2003.931,140,4234.54725,58,3937.7,20,2625.91,5,1650.22,1,647.649,1,1418.02,7,186013.3057502931
Región de Los Lagos,Quemchi,829,17570.268,5,1.78,135,421.96,174,1277.831,236,3371.434,222,6791.815,45,2935.608,9,1126.34,1,215,2,1428.5,0,0,0,0
Región de Los Lagos,Quinchao,785,7220.4024,15,6.3365,272,826.8028,250,1763.2755,176,2331.9647,66,1908.8704,6,383.1525,0,0,0,0,0,0,0,0,0,0
Región de Los Lagos,Osorno,681,64100.3538737213,27,12.92,164,465.7800999994,99,669.3250000028,85,1203.7350000016,90,2858.611599998,59,3989.519999999,69,9618.4206824533,59,18199.4528964069,24,16431.0568312994,4,5063.6017635616,1,5587.9299999993
Región de Los Lagos,Puerto Octay,336,79441.3165929581,1,0.5,54,182.4,44,302.51,60,847.65,51,1643.87,30,2127.835,33,4645.0800000038,37,11284.4050000176,14,9531.6049999387,8,9541.8399998921,4,39333.6215931059
Región de Los Lagos,Purranque,345,46859.5932153155,4,2.25,61,180.89,56,406.589999999,63,891.709,55,1793.78,28,1974.3500000026,31,4269.99,23,7398.2399999999,15,10368.4496613149,3,4434.89,6,15138.4545539991
Región de Los Lagos,Puyehue,693,145624.1691687458,22,13.47,196,542.8900000002,107,707.48,122,1606.4760000004,93,2972.33,64,4610.3299999996,30,4241.7300000388,31,10320.7954999936,17,12338.5926687132,6,7793.9125,5,100476.1625
Región de Los Lagos,Río Negro,528,44575.9038098453,21,10.71,142,401.1619999992,88,615.171,86,1187.09,71,2239.5127991135,41,2774.4614697101,22,2915.4899999911,41,12350.6165435442,11,8194.1849999353,2,2564.69,3,11322.8149975519
Región de Los Lagos,San Juan de La Costa,806,51078.0406881745,3,1.9,117,372.2362,185,1315.732,221,3053.075,181,5511.2200000006,58,3834.24,26,3579.96,7,2057.2,2,1035,1,1000,5,29317.4774881739
Región de Los Lagos,San Pablo,692,27482.5750105948,40,24.915,205,600.53,155,1084.53375,128,1753.4822499968,78,2239.639999993,29,1959.4832,25,3672.9884737017,20,6874.4561035571,11,7211.544999948001,0,0,1,2061.0012333982
Región de Los Lagos,Chaitén,284,786994.0170001904,1,0.5,19,57.01,35,252.7,51,768.97,70,2220.07,36,2410.15,33,4777.730000000001,22,7247.917,9,5732.06,5,7036.8,3,756490.1100001904
Región de Los Lagos,Futaleufú,146,65832.2028,0,0,3,7.5,10,72.67,10,145.4,26,836.8303,38,2780.6,30,4300.76,23,6453.1325,5,3046.52,0,0,1,48188.79
Región de Los Lagos,Hualaihué,304,115101.010000014,10,5.009,91,255.314,64,478.92,48,671.84,41,1159.87,30,2114.337000014,8,1067.9,6,1815,3,1746.7,0,0,3,105786.12
Región de Los Lagos,Palena,206,69555.4025,0,0,1,3,7,56.742,19,274.12,44,1479.7,48,3290.591,38,5458.832,33,9827.6385,14,8895.629,1,1205,1,39064.15
Región de Aysén del General Carlos Ibáñez del Campo,Total Región,1968,7436342.9595,39,21.394,166,471.68715,129,917.4356,137,1968.57,269,8618.6497,260,18629.4695,269,37465.04325,351,111796.708779486,217,151342.1235,84,111946.301720514,47,6993165.5763
Región de Aysén del General Carlos Ibáñez del Campo,Coyhaique,777,432819.4289992598,13,7.074,65,188.85355,52,378.327,63,931.4599999980001,143,4431.1817,122,8582.0495,105,14245.00225,118,36976.815,52,36883.3700000277,23,30904.8,21,299290.4959992341
Región de Aysén del General Carlos Ibáñez del Campo,Lago Verde,77,384565.62,0,0,4,9.86,5,33.47,3,43,3,88.18,7,522,7,917,11,3534.55,23,16705.04,9,12067.13,5,350645.39
Región de Aysén del General Carlos Ibáñez del Campo,Aysén,245,1334765.973200017,6,3.13,22,57.0936,17,126.7186,15,221.64,28,933.268,42,2929.25,32,4229.4,46,14292.8429999743,22,15034.8,9,11685.8,6,1285252.030000043
Región de Aysén del General Carlos Ibáñez del Campo,Cisnes/Guaitecas,227,646547.1695,2,1.26,5,12.5,9,61.65,12,167.32,32,991.35,36,2526.07,45,6377.7,54,17757.4695,24,16200.14,6,8950.630000000001,2,593501.08
Región de Aysén del General Carlos Ibáñez del Campo,Cochrane,128,113282.1485,1,0.5,5,18.5,4,30.6,4,47.8,4,157.5,4,278,15,2365.2,35,12003.73,32,23354.3985,15,19973.5,9,55052.42
Región de Aysén del General Carlos Ibáñez del Campo,Tortel/O'Higgins,39,1851432.1873,1,0.6,0,0,1,9,3,34.6,2,59.9,6,474,6,870.002,5,1447.5,3,1819.5,6,7338.035,6,1839379.0503
Región de Aysén del General Carlos Ibáñez del Campo,Chile Chico,261,361668.672,15,7.98,44,117.74,26,177.28,25,339.38,28,937.5,17,1377.29,17,2383.059,40,12608.878,33,23838.725,12,16294.44,4,303586.4
Región de Aysén del General Carlos Ibáñez del Campo,Río Ibáñez,262,2311261.760000723,2,1.35,22,68.64,16,106.89,15,219.47,32,1089.77,30,2208.3,44,6267.17,56,18027,31,20030.35,7,7992.51,7,2255250.310000723
Región de Magallanes y de la Antártica Chilena,Total Región,583,11503532.6638,65,32.0066,82,175.5184,19,123.0698,22,308.4,22,703.953,10,726,20,3107.6,32,11159.156,26,17821.24,26,36442.18,259,11432933.54
Región de Magallanes y de la Antártica Chilena,Punta Arenas,174,460792.5580007789,48,22.358,41,75.674,2,14,10,124.67,10,335.68,3,218,6,1017,14,4675.006,7,4672,8,12069.9800007789,25,437568.19
Región de Magallanes y de la Antártica Chilena,Laguna Blanca,32,275505.2300021587,0,0,0,0,0,0,0,0,1,23.4,0,0,0,0,2,621,0,0,0,0,29,274860.8300021587
Región de Magallanes y de la Antártica Chilena,Río Verde,35,263110.08999921,0,0,0,0,0,0,0,0,0,0,0,0,0,0,0,0,1,999.999999593,8,12923.4605261175,26,249186.6294734995
Región de Magallanes y de la Antártica Chilena,San Gregorio,26,597329.9999983354,0,0,0,0,0,0,0,0,0,0,1,50,0,0,0,0,0,0,0,0,25,597279.9999983354
Región de Magallanes y de la Antártica Chilena,Cabo de Hornos,21,1762259.67,1,0.5,3,5.300000000000001,3,22.5,2,22,2,46,1,80,0,0,2,800,4,2946.74,1,1972,2,1756364.63
Región de Magallanes y de la Antártica Chilena,Porvenir,122,681196.4916014435,6,3.4116,7,11.3,0,0,1,14,2,50,0,0,4,669.37,4,1559,11,7579,7,9380,80,661930.4100014435
Región de Magallanes y de la Antártica Chilena,Primavera,43,318130.9599985515,1,0.09,0,0,0,0,0,0,0,0,0,0,0,0,1,380,0,0,2,2600,39,315150.8699985515
Región de Magallanes y de la Antártica Chilena,Timaukel,23,623134.900000005,0,0,0,0,0,0,0,0,0,0,0,0,0,0,0,0,1,689,1,1870,21,620575.900000005
Región de Magallanes y de la Antártica Chilena,Natales,160,6024668.411199311,10,5.737,32,83.8944,14,86.5698,10,160.6,6,194.82,7,493.999999725,11,1603.6,10,3413.15,6,4031.5,10,14020.0000000691,44,6000574.539999517
Región de Magallanes y de la Antártica Chilena,Torres del Paine,28,497404.3530002059,0,0,1,4.5,0,0,0,0,1,41.183,0,0,0,0,0,0,0,0,0,0,26,497358.6700002059
