total_nacional_region__,comuna_6_7_8__,categorias_de_uso_del_suelo__total__numero_de_upa,categorias_de_uso_del_suelo__total__superficie_ha,categorias_de_uso_del_suelo__cereales__numero_de_upa,categorias_de_uso_del_suelo__cereales__superficie_ha,categorias_de_uso_del_suelo__leguminosas_y_tuberculos__numero_de_upa,categorias_de_uso_del_suelo__leguminosas_y_tuberculos__superficie_ha,categorias_de_uso_del_suelo__cultivos_industriales__numero_de_upa,categorias_de_uso_del_suelo__cultivos_industriales__superficie_ha,categorias_de_uso_del_suelo__hortalizas_hongos_aromaticas_medicinales_y_condimentarias__numero_de_upa,categorias_de_uso_del_suelo__hortalizas_hongos_aromaticas_medicinales_y_condimentarias__superficie_ha,categorias_de_uso_del_suelo__frutales__numero_de_upa,categorias_de_uso_del_suelo__frutales__superficie_ha,categorias_de_uso_del_suelo__vides_para_vinificacion_y_uvas_pisqueras__numero_de_upa,categorias_de_uso_del_suelo__vides_para_vinificacion_y_uvas_pisqueras__superficie_ha,categorias_de_uso_del_suelo__flores_de_corte__numero_de_upa,categorias_de_uso_del_suelo__flores_de_corte__superficie_ha,categorias_de_uso_del_suelo__semilleros__numero_de_upa,categorias_de_uso_del_suelo__semilleros__superficie_ha,categorias_de_uso_del_suelo__viveros_y_cesped_alfombra__numero_de_upa,categorias_de_uso_del_suelo__viveros_y_cesped_alfombra__superficie_ha,categorias_de_uso_del_suelo__forrajeras__numero_de_upa,categorias_de_uso_del_suelo__forrajeras__superficie_ha,categorias_de_uso_del_suelo__plantaciones_forestales__numero_de_upa,categorias_de_uso_del_suelo__plantaciones_forestales__superficie_ha,categorias_de_uso_del_suelo__bosque_nativo__numero_de_upa,categorias_de_uso_del_suelo__bosque_nativo__superficie_ha,categorias_de_uso_del_suelo__praderas_mejoradas__numero_de_upa,categorias_de_uso_del_suelo__praderas_mejoradas__superficie_ha,categorias_de_uso_del_suelo__praderas_naturales__numero_de_upa,categorias_de_uso_del_suelo__praderas_naturales__superficie_ha,categorias_de_uso_del_suelo__terrenos_productivos_no_trabajados__numero_de_upa,categorias_de_uso_del_suelo__terrenos_productivos_no_trabajados__superficie_ha,categorias_de_uso_del_suelo__matorrales__numero_de_upa,categorias_de_uso_del_suelo__matorrales__superficie_ha,categorias_de_uso_del_suelo__terrenos_no_productivos__numero_de_upa,categorias_de_uso_del_suelo__terrenos_no_productivos__superficie_ha,categorias_de_uso_del_suelo__infraestructura__numero_de_upa,categorias_de_uso_del_suelo__infraestructura__superficie_ha
Región del Maule,Licantén,204,17051.42943299756,77,974.870679781836,96,797.11265949162,0,0,37,42.8444799143,32,124.7522880151,3,120.5,2,0.6,2,15.5,6,1.502,74,279.56,97,7230.909211489047,32,2248.163190975294,3,11,82,1292.323828976363,34,447.957414146288,65,2514.337016761874,45,291.084966255734,150,658.4116971901001
Región del Maule,Molina,450,73285.77381600578,64,613.0792307696,36,37.591,6,118.8,39,60.698,284,4395.154915862,90,3551.7978781712,2,2.4,6,163.81,15,29.15,57,371.1037936331,57,15335.56890412983,20,9857.417119038915,31,820.625712077,64,2410.891719677648,125,3517.452736838429,19,2646.549113706872,58,28373.9834211008,337,979.700271000373
Región del Maule,Rauco,330,15265.90600002991,54,271.98706391978,8,12.91563100575,1,2,73,224.8524297843,130,1347.358706337321,17,675.343680114864,1,0.75,1,4,10,7.5,29,101.7565214837,12,307.00513151592,37,4598.07,1,21.164556963,96,1963.448063569132,61,534.919793050444,9,4206.273417741501,20,630.0600000000001,226,356.501004544204
Región del Maule,Romeral,416,86390.90698050674,17,125.45,11,10.548,0,0,14,4.3593,360,3851.705975776059,13,411.713613800806,0,0,3,13.2,19,21.17,20,84.43,30,2059.979994993521,26,17518.02891675086,18,147.03,108,11052.23364951742,94,854.487907597518,10,1448.63793416128,49,48230.35731555991,283,557.574372349365
Región del Maule,Sagrada Familia,393,40152.48399838931,64,399.45448472935,11,26.5,16,253.67,107,473.55671549895,164,6151.599331501263,105,2038.00190173772,3,3.006,8,98.9,3,15.8,32,453.922914771767,18,4713.809939562156,34,5855.520333044671,12,322.174309979,79,8320.785299295081,57,1463.11213271991,35,5251.542739101428,34,2958.551751094966,176,1352.576145353051
Región del Maule,Teno,863,41016.60469013894,217,1496.69293608022,85,204.93436899425,25,143.4,103,506.2157702157,544,7550.484594435918,29,810.07671905586,6,2.454,16,78.83,19,64.88,110,533.43,39,201.34211246026,18,12837.67499677182,36,508.810443037,270,4130.944243248351,188,1844.567553066002,14,302.612078625372,123,8812.155,541,987.09987414818
Región del Maule,Vichuquén,140,20663.17117483759,43,161.27,26,22.32788108795,0,0,12,2.707,25,34.388019939341,2,17.559308223516,3,0.606,0,0,0,0,11,43.1881186656,85,10720.15335475277,24,2617.201706973802,7,221,88,2476.6690148755,8,28.417470730614,14,3059.038587949167,11,769.165087182598,73,489.479624456734
Región del Maule,Linares,1090,49423.00287135007,382,4432.11321301765,78,217.4635236166,10,145.0262195117,219,277.0512273751,428,2978.599028146613,25,240.15,8,1.129,17,143.02921021426,17,22.4748197189,188,956.67824381436,87,3253.082610953021,184,8529.29712390596,108,609.26613048429,478,3979.719052106293,218,2515.731239403132,135,841.001104995187,187,19261.60966320159,871,1019.581460885419
Región del Maule,Colbún,485,48428.04097989463,143,1532.6414718599,55,162.9752802204,8,159.6187499993,67,122.4422595183,228,2357.227881012375,4,36.95,1,0.012,14,256.93645237444,6,13.6770833333,118,645.5020272135,40,5587.013285479843,72,14809.62155058932,128,1031.3648333326,145,1528.848092765875,55,657.4240064384489,25,2380.317774072061,63,16332.9343912312,354,812.533840453764
Región del Maule,Longaví,1652,63985.88539409551,785,7357.834376144,175,389.8619615392,62,350.80625,391,1170.81395,953,7793.035011522989,5,56.726621573068,4,0.6653124894,19,224.9125,10,35.0490469336,230,1130.03876367634,53,15199.30532678585,68,12611.74537255697,213,1960.1215072465,740,5942.174907935175,220,2260.681487931453,92,1754.134750316024,199,3846.320418647285,1233,1901.657828797666
Región del Maule,Parral,1257,88532.21993021821,664,12821.7315612678,105,236.83030395129,34,734.5,240,471.88749218526,508,3267.167677329695,9,58.7624447911,5,1.594,23,967.43166666655,4,2.712,114,779.06775661069,101,18699.10510988348,77,16630.07176378774,72,583.2598875126,723,18851.68218634669,245,4547.130886410123,119,711.489564980837,221,7649.274655730564,907,1518.520972763803
Región del Maule,Retiro,932,43304.85000186224,359,6520.6583911775,72,218.19969604871,15,197.5,326,1391.58229096034,447,4783.123556366915,33,877.84,6,2.7072875106,9,643.01833333345,9,122.4657166808,127,761.28823589861,57,7175.535667453019,27,388.174289826453,61,991.1251818254,551,14936.26378072797,146,2555.926507538202,44,260.880452572438,120,604.734007800438,659,873.8266061414
Región del Maule,San Javier,901,81500.04955818801,257,2867.39301641045,85,1011.9335087704,7,334.5,197,340.6450877184,131,1324.59742028985,439,6626.76612003875,0,0,4,203.42,3,0.602,79,513.0910344828,145,22108.22929628603,83,9898.297896707856,36,1112.682169491,438,13537.56901704677,246,9727.949754525547,28,8159.522975664896,132,2424.567501342865,579,1308.282759412393
Región del Maule,Villa Alegre,356,8726.325300003191,110,1931.134298661534,24,302.16443775078,8,215.3,46,60.5557684224,132,1322.01087848645,85,1812.2006442137,5,1.812,6,110.1,13,3.5089,48,258.78512915102,32,125.361768995456,8,35.02711901004,47,243.732778595895,119,1212.88916785812,36,400.58443899815,11,17.4,41,409.341,206,264.416969859645
Región del Maule,Yerbas Buenas,698,12936.16067919316,275,2841.56496097885,107,525.173846153,11,120.3687804869,50,77.6641666615,386,2798.684693196075,17,514.59686747,1,0.05,16,101.1536545633,8,24.1883333333,117,683.2093218482,27,468.119949778302,10,65.336493499957,47,607.777501547395,229,1671.740817873565,117,1030.920290021723,29,166.94418036376,74,591.49436484868,502,647.172456568656
Región de Ñuble,Total Región,12171,807993.0097955882,5046,79425.673,2356,4496.113,212,8489.904,2573,4520.0623,3340,18486.627,1824,4715.429,84,20.497,106,2226.76,100,212.721,2222,15545.853,2171,230493.8510048282,1383,182055.0289919336,1238,14953.961,7242,144403.2249996378,2568,29307.18150003599,1656,22698.75599961555,1787,29149.94509839934,9707,16791.42190113775
Región de Ñuble,Chillán,826,29480.59115791275,290,4193.03569995293,97,200.22,12,276.1947153362,254,568.2265259825,263,1839.554847501219,150,532.452,6,3.474,8,97.3940593184,15,43.005,163,1407.0352576639,107,6121.038222497796,50,600.904862320744,114,1339.23143797748,386,6491.590506779253,229,2009.056665236277,97,1348.831313982928,154,1322.191198555923,704,1087.154844807206
Región de Ñuble,Bulnes,738,32945.48901055875,325,5727.8768803666,91,314.9086777175,14,928.05,188,313.921131579,133,2442.0725845309,24,103.269006784,6,2.566,10,278.3,6,42.68,181,2677.138111025,64,4384.202839922251,27,538.428660033848,130,2010.2147292513,483,8414.0334128619,104,1184.439634239758,82,931.499235553336,96,1482.578434332706,566,1169.30967236065
Región de Ñuble,Chillán Viejo,270,17753.97079553634,59,1187.7,20,12.25,3,40,118,146.49,50,131.345,31,143.63,1,0.03,1,6,3,2.3,30,283.406241789,45,7699.140437916018,14,386.411579453386,15,1309.08863406363,180,4841.067988477406,31,454.699381736562,18,437.862940868532,23,251.983698873606,193,420.5648923582
Región de Ñuble,El Carmen,1168,63516.56397905235,833,14420.38918387757,454,664.785,31,1591.7852846638,172,451.1447740175,354,1328.2389690743,20,21.18,5,1.606,5,569.1159406816,2,2.005,372,1517.6348453715,286,7180.937963698839,292,14688.61180495036,222,858.87,822,14684.47870003595,126,1830.325605626267,227,1106.567439490665,198,1586.975309386897,1055,1011.912158177096
Región de Ñuble,Pemuco,378,46586.41240712664,190,7381.1475581235,46,40.125,13,784.95,93,62.9446,66,190.22,0,0,0,0,3,37,0,0,88,339.91,99,22265.96884418105,83,3584.676124329478,49,650.56,257,4487.566394791646,39,2008.762809622397,85,1238.763701359269,95,2269.761681743084,317,1244.055692976222
Región de Ñuble,Pinto,442,54328.11809994233,186,4029.688,64,38.287,5,132.5,85,284.11,155,605.316,1,0.05,3,4.19,2,6.04,0,0,81,435.616899371,121,4327.787889070144,94,19598.42870594918,63,407.64610062889,278,22614.86500932222,32,593.707920836761,50,498.4372387144,52,359.014746806893,368,392.432589242853
Región de Ñuble,Quillón,636,14457.69834982902,25,58.650443731,26,17.31,0,0,182,117.672868421,294,777.3059473684,276,453.3503691791,23,3.106,0,0,22,8.06,8,23.3,89,6502.342524474943,48,1102.028265738402,14,89.6370364425,175,864.329686259743,226,755.677432336998,165,1537.377621084412,194,1603.712342768264,498,543.837812024258
Región de Ñuble,San Ignacio,967,21242.7233146502,665,6862.732558046,372,829.117,47,990.91,129,378.466,138,1286.93440916351,1,1,2,0.6,14,209.96,0,0,276,1668.3947558046,58,2304.361903857977,37,217.115641320611,104,740.39,547,3459.045770332894,83,532.1995553779179,97,370.17591037896,109,507.957527195364,712,883.36228317237
Región de Ñuble,Yungay,481,56244.13588592396,142,10355.99,81,206.337,11,910.414,136,386.2536,59,647.328,6,2.36,2,0.324,0,0,3,2.653,64,289.83,120,25304.05527133035,79,8502.238020157522,62,255.35,314,2933.111237440794,147,2794.290687131005,107,1274.76385036852,110,1196.140662860314,343,1182.696556635456
Región de Ñuble,Quirihue,304,32660.39035564462,108,317.83,80,62.35,0,0,38,17.9184,25,19.55,84,162.5107834789,1,0.018,0,0,0,0,43,112.125,186,21024.48834019548,43,1611.397479014841,2,11.5,217,4593.886178651727,79,1178.087776921266,96,1286.855067799644,54,1489.918025137636,262,771.95530444513
Región de Ñuble,Cobquecura,391,25339.39860431686,170,314.47,252,219.75,0,0,23,5.93,71,32.43,11,8.35,0,0,0,0,5,0.88,16,38.5,280,16425.31871318185,88,3452.014282547614,34,69.86,248,1377.610379609889,96,1237.972988846973,103,884.240915270678,42,641.540324877304,276,630.530999982548
Región de Ñuble,Coelemu,348,21969.29383290507,35,67.9259444875,108,230.5123222825,1,0.25,74,18.835,57,57.59,164,485.9455555555,5,0.51,0,0,1,0.1,20,81.901888975,164,14646.8421008553,57,1903.554556973858,6,19,106,759.446018965171,223,1622.768425328065,57,788.8524685576181,57,521.2168446600319,268,764.042706264526
Región de Ñuble,Ninhue,420,21127.11457383099,183,468.39,78,83.37,0,0,22,5.685,40,54.87460725675,258,419.3443778114,0,0,0,0,1,0.1,23,49.65,99,9848.363060048585,60,1811.604025803802,4,8,318,4334.934470977503,136,1358.083504929247,31,1133.12567228897,46,1098.372652507006,348,453.21720220773
Región de Ñuble,Portezuelo,248,14144.56800890021,50,119.11,14,10.9,1,0.74,15,3.2418,36,155.25,182,792.1806240369,0,0,0,0,1,0.01,4,19.5,48,6923.162837502185,11,1416.232454056844,9,21.3860400615,150,2324.4345985418,47,552.488869211305,20,838.843259802681,27,575.439260935434,179,391.648264751559
Región de Ñuble,Ránquil,347,11709.3195917344,25,75.981,9,6.45,0,0,89,77.187,105,114.676,266,637.142,1,0.2,0,0,1,0.071,19,65.9,99,6256.575427222806,32,1109.769999326926,0,0,30,367.03000000867,211,1186.867165572923,46,1008.739999845152,39,462.3529998066379,280,340.376999951286
Región de Ñuble,Treguaco,208,12989.88725447473,104,189.8,55,80.83,0,0,2,2.5,18,7.65,103,220.25,0,0,0,0,1,0.02,3,3.9,60,8586.09061841218,9,1590.612926812072,9,19.8,33,221.161547830334,142,986.574583782111,62,374.52873578822,25,328.875210607883,105,377.2936312419309
Región de Ñuble,San Carlos,1541,53499.88696537411,603,7912.4830154925,163,733.75,46,1529.75,254,627.465,433,1838.903,48,79.72714285725,8,2.949,49,651.65,16,68.925,342,2784.1008508016,94,7343.826519042233,57,865.951313082831,125,3066.96781751,975,21377.83497405357,183,1395.856508043854,85,609.029324065073,181,1554.133637968974,1125,1056.58386245622
Región de Ñuble,Coihueco,935,94786.07829207853,385,7026.258731414901,139,389.947,36,845.96,183,683.8004999999999,528,4122.268860911371,1,0.6944444445,2,0.36,12,237.3,14,32.732,180,1887.89,112,29032.65779412853,114,33293.11771498212,70,1603.3471942447,469,6364.771225678408,133,2047.859992045853,125,1622.084543982418,125,3326.699113608944,662,2268.329176636766
Región de Ñuble,Ñiquén,974,29259.80607797535,566,5048.4048385172,127,209.401,11,129.4,155,211.3031,227,1579.74,3,11.7048929664,0,0,3,42,2,2.2,172,1231.8941491984,29,5538.370968027444,74,1689.417583008258,103,1093.24818249,617,8829.67148662209,138,1547.495408698318,46,706.527157844964,120,714.040042148832,739,674.987268453444
Región de Ñuble,San Fabián,326,114351.9974118027,33,93.625,44,4.383,0,0,202,11.043,192,86.624,1,0.1,16,0.488,0,0,3,2.262,48,50.545,38,8975.45886067842,169,82988.51584110183,50,346.327,265,10313.02164910749,68,961.043126752725,77,3481.69631602909,77,6599.622097050036,265,437.2425210831
Región de Ñuble,San Nicolás,764,39599.56582601823,199,3574.1841459903,44,141.13,3,329,182,145.924,144,1168.75477419355,218,640.18780288605,3,0.07600000000000001,5,92,6,4.718,120,577.68,102,9802.859868583813,20,1103.997150969031,77,1033.53682733,560,14749.33376328929,192,3068.923457759405,55,1219.953286540017,55,1257.41928656757,645,689.887461909204
Región del Biobío,Total Región,12448,1358582.104013841,3225,43920.611,3156,3491.791,121,7200.952,4570,2564.9549,3102,9924.933,650,2002.192,156,38.3425,58,1731.625,124,125.7686,2671,17295.652,4894,608659.8250016192,3330,276012.5370032977,851,13459.46,7444,94504.633,3610,132585.8970061249,2744,49262.9090031113,2880,66794.33899975647,10280,29005.68199993141
Región del Biobío,Concepción,59,10453.15749191074,2,2,8,2.13,0,0,35,16.9145,30,14.227,3,1.102,3,0.025,0,0,3,0.467,3,7.2,32,6234.306532650635,28,1853.025613392252,0,0,25,337.50999985035,21,232.03367778288,18,1194.38500060434,24,202.180167239476,51,355.651000390804
Región del Biobío,Florida,465,26841.18281274959,45,358.9,59,34.571,0,0,207,64.7895,182,194.607,126,189.117,9,0.1922,0,0,18,6.73,12,59.2,252,15016.89909375107,153,3076.042197141398,13,126.21,157,1363.705610645324,256,1475.894708328023,166,2680.166426725444,127,1273.593712141125,281,920.564364017197
Región del Biobío,Penco,54,4023.51899949735,4,5.8,19,6.112,0,0,28,18.706,12,2.84,0,0,0,0,0,0,0,0,2,2,40,2552.069896858167,20,600.389997049824,1,2,12,170.690000089795,19,61.13710560032,13,409.91800024456,8,46.289999873954,43,145.56599978073
Región del Biobío,San Pedro de La Paz,34,4260.319991191122,1,1.1,2,0.9500000000000001,0,0,25,50.142,0,0,0,0,0,0,0,0,3,0.54,1,0.25,6,2393.546918088283,2,456.4224300816341,0,0,6,33.99,3,1042.330642667541,5,253.540000029468,2,1.834,19,25.674000324196
Región del Biobío,Santa Juana,576,60451.55978524873,112,74.37,365,150.227,0,0,425,68.4792,267,168.092,69,56.445,2,0.05180000000000001,0,0,3,0.0326,124,220.955,358,37222.60580776187,188,11069.7787906833,8,6.55,268,1098.301208849646,246,7378.050870619645,208,989.801061485288,193,402.611998131438,526,1545.20744771753
Región del Biobío,Tomé,242,23776.2193310694,33,28.97,116,50.602,0,0,141,12.6971,125,43.541,22,30.942,19,1.625,2,0.303,2,0.014,19,32.6,140,15780.15482476908,96,3217.110392583382,9,17.51,64,653.045612184709,167,991.324024573225,107,1117.265427757814,87,830.445012391009,219,968.069936810177
Región del Biobío,Chiguayante/Hualqui,409,33180.72016112739,51,54.3,187,78.235,0,0,312,52.952,213,55.525,76,30.825,20,0.371,0,0,11,1.2,30,56.85,212,17530.8927191272,93,5619.434565117418,4,15,167,989.2495846914,257,4137.334980953416,211,2987.77518110284,121,914.309852958688,320,656.46527717643
Región del Biobío,Coronel/Lota,114,23970.45950323584,8,7.001,26,29.541,0,0,51,25.2515,21,5.581,0,0,2,0.22,0,0,6,8.540000000000001,27,426.81,42,15515.39762862548,17,3340.698171143656,2,115,58,1467.095000076615,34,1327.160203626363,14,384.119999902616,17,142.798999853154,89,1175.245000007948
Región del Biobío,Talcahuano/Hualpén,24,4626.86799997636,0,0,0,0,0,0,8,8.5,1,0.5,0,0,0,0,0,0,1,0.1,1,1,6,1324.69248509844,5,153.97331717924,2,346,15,761.07,1,1.36141492364,6,472.27,7,672.00278277504,21,885.398
Región del Biobío,Lebu,259,41486.99699916068,54,139.275,118,145.695,0,0,65,20.146,31,13.54,0,0,1,0.001,0,0,0,0,22,62.8,178,23438.34600443717,95,7533.602810065348,17,87.25,201,3585.136097426704,76,715.748161186975,117,2387.684999463132,101,2306.96408233927,185,1050.807844242084
Región del Biobío,Arauco,531,71491.02538724722,13,88.9,181,211.58,0,0,34,7.5194,33,13.209,0,0,6,1.159,0,0,1,0.002,57,334.1,376,37436.50932957282,210,12762.96817551648,17,198.95,444,8631.980000133435,108,1494.267015684507,201,5375.973000810608,139,2189.559870833591,272,2744.348594695782
Región del Biobío,Cañete,919,66538.43199515594,546,1494.0559375,665,987.918,3,114.0703125,223,33.875,155,51.316,0,0,12,1.714,1,0.5,4,0.319,165,484.53,369,25873.32017017123,187,18801.71593706581,28,150.608,566,4747.99949986392,266,7618.910271996132,130,1624.97699935169,123,2891.376199937143,809,1661.226666770017
Región del Biobío,Contulmo,118,31487.6850128049,5,4.6,58,24.96,0,0,51,5.212,50,15.646,0,0,4,0.568,0,0,0,0,1,3,67,18895.88863741596,41,5307.263853040114,10,64.24,76,492.45199999042,17,4168.752087045345,14,149.305999759978,30,1671.515692399468,98,684.28074315361
Región del Biobío,Curanilahue,172,85267.06160601827,3,7,26,18.48,0,0,24,6.4226,24,8.583,0,0,0,0,0,0,0,0,9,13,134,55821.81493568191,136,18866.57996019053,5,24.375,111,536.925714330605,10,4350.009521149733,35,2571.547142932442,33,395.196946872328,132,2647.126784860718
Región del Biobío,Los Álamos,282,41818.35400126408,128,319.4,188,404.97,0,0,35,7.199,22,25.05,0,0,0,0,0,0,1,2,9,30.6,155,20725.44961804571,88,14641.91056163577,31,71.8,220,1874.951999948345,29,266.30242171625,77,1218.930000066298,139,908.718992108956,203,1321.071407742744
Región del Biobío,Tirúa,405,26943.92599673207,146,222.15,243,221.24,0,0,114,15.93,66,31.905,0,0,5,0.906,0,0,0,0,51,113.91,286,13848.53126055788,120,3282.61785005081,57,116.29,261,1342.710000070285,171,6197.389172096619,108,602.724000414152,84,651.8914568475,339,295.73125669483
Región del Biobío,Los Ángeles,2260,111994.4487858665,728,16121.16523326162,265,773.867,67,3655.673041774795,741,906.3451,392,4079.3558382852,10,33.43,19,3.7665,35,915.3748233775,36,84.789,748,7582.1679495808,406,40099.56489731289,241,3588.438101658188,266,3314.3569091364,1162,9662.166237571522,532,9481.015257610397,315,3278.015438675802,510,3828.345913355134,1866,4586.611544266262
Región del Biobío,Antuco,112,68762.59000813075,22,47.431,13,3.108,0,0,45,4.516,24,95.578,0,0,0,0,0,0,2,0.104,20,529.5999999999999,22,1400.064863820843,51,30997.78559060459,2,7.5,55,16961.56199992471,30,147.141416208732,42,620.767,55,17880.03413737425,78,67.398000197628
Región del Biobío,Cabrero,307,42034.98114559224,51,1788.2803595786,31,60.92,5,300.8696875,105,113.898,33,214.173,3,135.4,1,0.3,2,84.4683682093,0,0,64,651.14,104,22594.65151138218,28,1811.26880470736,31,1475.8527615076,175,3360.076966085648,93,6639.183004683933,50,438.398711175958,133,1627.766044306424,260,738.333926455224
Región del Biobío,Laja,354,21681.9550015049,49,523.222,19,5.495,0,0,169,46.225,184,345.038,56,51.231,4,0.17,1,0.002,5,0.142,44,986.56,125,10829.56662351698,75,1945.515589176338,51,391.82,209,2034.32099997458,149,3780.554790037053,89,312.327999580576,51,116.183999939006,325,313.57999928036
Región del Biobío,Mulchén,687,141527.4043705891,224,8643.295120189245,32,19.971,21,1992.326153845805,174,55.626,188,1623.36115841668,7,702.06017258644,9,0.154,6,450.54,5,4.035,151,1600.8817731486,320,61921.28279349898,147,24339.51160116155,63,3678.475,432,5345.529327620838,141,24538.49504811574,73,2925.411191979152,167,2304.97505234128,604,1381.473977684785
Región del Biobío,Nacimiento,564,58577.46749293741,60,440.16,63,32.885,2,13.1,194,82.5074,132,108.84,37,41.22,3,0.21,3,23,3,5.5,32,88.64,335,30397.04836214404,291,9113.12331100855,11,35.55,326,1728.710809183504,193,13574.45994758723,212,1564.573459335066,176,673.452275477008,436,654.48692820201
Región del Biobío,Negrete,381,10962.01641166282,156,2626.90795672724,34,23.124,4,113.75,132,52.4184,55,621.54384158332,1,356.49982741356,1,0.09,3,138,3,7.032,110,478.9862781288,69,1724.243572707677,24,314.259613684364,52,313.55,216,2088.2165663182,55,1017.135682397902,22,352.5960706506,66,233.672229185216,311,499.990372865941
Región del Biobío,Quilaco,314,69356.35173864297,79,728.6916531548,29,5.408,4,89.1079416524,127,7.8902,97,496.0552448418,0,0,2,0.51,3,54.3889789272,1,0.019,105,296.4949793672,95,11992.93159840244,174,37138.96169553432,32,292.1,230,2615.798290260464,124,4622.485921258302,36,5667.022834836862,69,4934.430151966758,279,414.055248440434
Región del Biobío,Quilleco,548,76239.51914455925,172,3387.4349634695,9,23.52,7,636.702862727,101,539.1125,55,174.978916873,1,0.025,3,25,3,56.147829486,1,2,105,471.466118498,205,31873.56174596802,180,18511.39400564097,47,1565.253329356,454,6864.975701337358,91,6845.398233961165,68,1226.256054333192,96,3068.95658548382,460,967.335297425234
Región del Biobío,San Rosendo,77,8798.250072739156,21,30.65,10,3.613,0,0,37,2.444,19,5.079,22,15.114,1,0.014,0,0,0,0,3,6.5,32,4991.279383254981,17,780.308225522984,6,9.1,19,219.557251652038,47,2425.170286199779,38,143.068110427566,16,136.569717115564,61,29.783098566244
Región del Biobío,Santa Bárbara,636,70541.67199291984,206,2277.239776119,37,13.145,4,111,241,203.2569,150,423.181,1,0.5,1,0.001,0,0,2,0.4,170,921.7909012766,217,26733.22825729911,298,16281.94145624665,39,682.34,516,5803.736066681251,79,6243.785393550706,92,3548.95836354063,113,6494.324315046,589,802.8435631598979
Región del Biobío,Tucapel,406,50682.92700973302,134,3700.711,76,17.157,6,174,95,21.489,92,205.872,1,0.75,0,0,0,0,2,0.59,123,450.66,146,27075.72774601738,153,7458.243898304654,26,135.95,309,4161.65400004619,37,5425.086364388395,101,855.63300045651,49,389.01500014854,314,610.388000371364
Región del Biobío,Yumbel,838,36002.16776457338,196,776.08,190,133.367,3,0.352,435,86.8006,424,881.355,218,357.531,29,1.294,3,8.9,10,0.513,166,1063.589,309,17247.3007836808,221,2006.248488110242,18,208.329,394,3869.896455192149,444,6337.429380174925,207,1415.527527468718,219,1099.576811315327,690,508.077718631229
Región del Biobío,Alto Biobío,571,34802.866,11,21.52,89,9,0,0,200,27.69,35,6.36,0,0,0,0,0,0,1,0.7,309,318.37,15,10168.947,62,11142.002,7,7.5,373,1701.62,4,50.55,25,2493.97,23,8505.747,533,348.89
Región de La Araucanía,Total Región,36552,1910167.97394177,13855,161105.2569999695,8530,12390.2499999993,764,25675.6399999993,14234,4314.335188,10473,15968.605,51,93.092,263,118.7878,67,1139.755999989,192,262.2042,5818,28004.4,13760,436072.0959619504,12962,527288.3030014342,4377,57021.96,30080,294401.2138000609,4677,98037.26898954774,9536,68456.52100001564,6956,154335.4460007782,29694,25482.838000026
Región de La Araucanía,Temuco,2014,31047.66808595154,1051,4063.8495241266,361,304.556,53,333.9886410656,1090,257.635,832,303.594,0,0,45,8.489,1,0.02,11,9.485,144,564.313,978,9365.067482095088,572,3150.450381702772,51,131.468,1676,7923.71758537021,292,1580.494441899458,622,843.17299761181,306,1227.273688528187,1799,980.093343551818
Región de La Araucanía,Carahue,2154,91089.56587176927,1016,3719.6925234451,1115,1520.35940118855,22,638.5779461367,471,425.800566849106,307,129.787293756472,1,0.5,9,2.02429032258,2,0.9,2,0.51,268,626.69618013665,1299,35003.59318642391,673,14473.34788248683,154,470.94190187327,1792,15169.49365501224,260,7720.096370841784,983,6969.867573536948,538,2752.199322839785,1806,1465.17777691935
Región de La Araucanía,Cunco,1374,78072.61811967786,356,5128.677705043,79,25.507720626633,7,484.1891891834,270,23.557777635735,277,1252.687781918113,1,2,0,0,3,120,4,5.092,196,1886.9704673775,405,15438.53569624991,922,18879.79591386964,494,8768.23810566288,1148,17982.44344079686,150,2350.120191627657,326,2353.850873740902,284,2022.130905936769,932,1348.820350008871
Región de La Araucanía,Curarrehue,687,28647.7778,5,21.125,98,22.028,1,0.002,418,25.097,336,169.194,0,0,1,0.012,0,0,1,1,134,283.155,79,315.505,610,18560.615,91,694.645,595,4822.5218,84,482.035,213,1087.158,276,1822.684,516,341.001
Región de La Araucanía,Freire,1946,51352.02760211722,881,10527.7054550547,606,1378.686703202817,20,1016.4735318672,1126,345.61402036147,821,1374.66956439923,1,0.25,12,1.234,3,26.5,20,23.7218131416,399,2039.9601702144,413,2821.90240234641,607,5119.940532560202,396,8085.07758709885,1658,13712.8340813714,148,1805.177114682906,405,1005.411038048069,286,938.514061352427,1586,1128.355526415533
Región de La Araucanía,Galvarino,1492,41412.03734075998,779,6212.4872561944,221,122.4840967742,15,1218.6151612904,684,97.544483871,385,260.9406231884,5,2.55,4,0.05500000000000001,3,55,0,0,98,333.929,998,18961.12047903132,264,1329.567594526054,16,137.5306293578,1181,7346.709277611944,266,1736.101687228858,483,995.567659839586,310,1948.760868412884,1077,653.07352343312
Región de La Araucanía,Gorbea,822,45717.21137112362,112,6066.197914514112,48,450.42443071325,4,324.245901639,53,17.0778408377763,202,1872.96635064013,0,0,6,64.506,5,185.72131147,19,32.6661868584,55,1308.2325543794,315,12800.46463907797,335,5046.151751032716,137,1839.50965699105,663,9507.634158260793,84,3133.723312867816,258,1532.596054050732,117,787.451334951155,671,747.641972839325
Región de La Araucanía,Lautaro,1916,62104.49586348017,944,12111.16291505712,223,269.5454654960658,72,2094.561663935,827,58.4644673227858,745,330.2005681211018,6,1.279,36,3.819,4,22.75,16,3.624,517,1745.4565295401,746,14939.33949289795,541,9483.688692983145,127,1958.2062903226,1648,11535.8258928431,187,3407.94131182301,398,1807.091388875869,279,1268.87819665469,1746,1062.660987607635
Región de La Araucanía,Loncoche,1338,63311.00750067845,164,1940.5927149966,321,118.0576315343,1,1.0327868852,523,69.679783875349,535,1080.98735486305,0,0,3,0.314,3,16.229508196,8,8.85,232,996.4712953,457,18930.52982829514,968,15575.53010296209,299,3823.53643409585,1200,11989.50641958325,139,3503.642088152791,424,1894.173689654824,310,2336.73552398888,1113,1025.13833829513
Región de La Araucanía,Melipeuco,363,38491.68750004536,28,85.1875,56,10.763,0,0,137,14.5185,142,70.477,0,0,0,0,0,0,1,0.002,128,374.8,138,4498.11516956004,264,21589.08241846911,50,1690.02000001212,322,4127.706595992,44,438.67,99,1158.79190750988,117,4182.127976494056,306,251.42543200816
Región de La Araucanía,Nueva Imperial,2298,40013.46974722433,1328,4911.4021413005,635,710.20410043885,211,1399.732916903,832,267.79000502882,650,196.4771722890767,2,1.2,21,1.533,6,2.101,13,16.807,219,457.4285886611,861,11515.19065141144,435,2929.45082156573,116,541.03,1751,10479.60073352584,431,3284.999133028801,414,691.326448566525,371,1438.175367194314,1719,1169.020667310324
Región de La Araucanía,Padre Las Casas,2768,16499.09169217261,1447,3966.7156456769,613,345.4162566372,56,510.424555783,1456,549.1973,882,559.0594594612,2,0.7,29,6.764,3,20.75,16,2.745,336,715.0330927551,548,959.273127204685,291,508.32329729428,165,540.97797566375,2008,4796.776,361,753.304000089261,607,465.519229273061,442,563.405299657656,2313,1234.707452676522
Región de La Araucanía,Perquenco,688,24888.29199997518,296,12774.46214987182,105,472.85218347575,50,3374.103645169808,348,183.4252829929,335,634.603705883,0,0,2,0.005,0,0,4,23.6,56,150.561764706,304,1200.3131255594,140,829.833840326219,99,998.735882354,528,2759.905461803566,38,106.919522715,173,466.032068520477,132,563.268684496246,592,349.669682100988
Región de La Araucanía,Pitrufquén,1619,42540.09044596132,357,3559.705209392889,182,181.28285910715,3,112.8129566219,779,94.9167371916497,579,790.13850199772,2,0.5,11,0.431,4,61.34918032300001,8,7.156,259,1935.4206139086,572,9722.193659905175,484,4910.473103419102,389,3591.0089407377,1434,12640.33750066423,114,1346.403270244511,391,1139.31529577299,225,1290.86562981124,1462,1155.779986863462
Región de La Araucanía,Pucón,437,132098.421988,4,7.5,42,13.047,0,0,207,27.740988,203,115.487,0,0,0,0,3,2.01,7,7.366,45,461.21,43,1288.528,359,100043.783,44,1684.099,378,6195.402,30,195.37,85,8816.41,102,12896.369,285,344.1
Región de La Araucanía,Saavedra,1723,21974.09326674775,823,1371.1224255598,1290,1716.64284770525,5,271.5220538633,369,145.658420120424,250,57.9907266516913,0,0,11,1.67170967742,5,3.7,1,0.05,163,309.66181986335,1089,3208.851680625465,386,873.754680755922,127,602.98660897293,1599,10231.43834309904,249,853.118661266134,560,825.627435605436,359,983.62101953367,1283,516.674833447925
Región de La Araucanía,Teodoro Schmidt,2034,44604.72322226952,950,5037.74597731315,683,1599.559988056775,74,741.916520051,385,56.23783333333,306,158.58126480305,5,2.75,7,1.86,10,132.55,6,1.77,272,890.0855587392,584,4662.150344866963,672,3540.835340126491,322,1787.75585791288,1849,19823.14305731717,227,2793.789105967255,422,719.48976271527,419,1772.87661406589,1570,881.6259970011
Región de La Araucanía,Toltén,1162,64796.38732855571,144,465.54093490269,314,314.446014456325,0,0,301,28.0696,116,45.70652220193,0,0,2,0.25,0,0,0,0,188,439.9347772203,529,25342.80737652088,448,10696.41778230162,208,2016.41721495272,1061,12135.072981366,53,3808.039386964806,557,2674.268906938807,390,6120.033131626086,878,709.382699103548
Región de La Araucanía,Vilcún,1559,75747.12557642869,659,16475.6926790576,241,1441.513910714284,26,1023.451343361,454,461.5369935967542,399,687.0646336206858,0,0,15,4.7106,3,179.3,10,16.2037,282,2204.4697789508,366,9401.068449129669,633,17138.51281037163,270,5697.4946924812,1245,14623.19180757612,119,1795.888982343191,214,2737.154305196261,239,789.02894460691,1234,1070.841945422567
Región de La Araucanía,Villarrica,1413,55009.11007547351,122,1442.321004690909,289,86.2275676512,0,0,891,98.6884,654,985.45991932625,1,2.4,8,1.2162,1,2,17,16.794,211,1263.8160017959,218,4122.947244965217,1031,21775.96919061667,238,4626.924511833,1315,17779.50864615059,57,570.508999853432,235,931.2198935443799,147,609.696192293364,1082,693.4123027526
Región de La Araucanía,Cholchol,997,19351.70577046085,607,1513.237632527,239,181.292478681,9,17.25,464,348.4313538468,244,115.736,0,0,14,6.2,0,0,1,0.006500000000000001,89,146.05,426,8553.021634765453,212,1219.679438866176,31,61.38,748,3531.334407628374,214,1982.667324259751,280,468.496,238,630.689999886292,636,576.233
Región de La Araucanía,Angol,577,76770.77556436804,100,787.20593335526,83,45.998,6,228.38225831394,320,145.197886561781,288,1031.134978135525,4,0.613,4,0.337,1,94.1844966435,8,16.19,209,851.5784237442,284,35153.20801950471,226,20136.44767118978,25,483.19835189391,365,3702.515344634714,169,10460.40571255001,212,1374.732582902326,151,1608.250636365893,479,651.195268572504
Región de La Araucanía,Collipulli,622,87760.2088437489,233,3584.4,37,12.241,5,543,322,60.8599,159,466.594,0,0,9,6.705,1,0.5,3,9.760000000000002,41,103.6,209,40818.03130745029,165,21646.48960058996,55,160.06,428,2550.68799999579,132,10158.46215352663,132,4315.459430389257,110,2602.972304689913,578,720.38614710705
Región de La Araucanía,Curacautín,281,142585.2512950957,96,6652.29600333638,9,2.275,6,907.741859584,38,2.792,37,52.51055687889999,0,0,0,0,0,0,1,3.1,107,1504.6738064516,49,5239.46213682773,193,78491.26229435248,28,205.5257096774,228,6557.565379843206,28,788.154849335575,23,6219.514000000544,26,35589.99385610933,217,368.3838426985
Región de La Araucanía,Ercilla,75,24097.39402618212,47,3873.0205145935,7,3.292,10,946.071166408,7,1.749464386129,12,37.036609653225,0,0,0,0,0,0,0,0,12,82.1572633548,21,10968.756186753,34,2727.206493732211,12,109.026,45,363.94575921227,16,2490.745866075427,11,60.989689704414,16,2196.867638430008,57,236.529373879138
Región de La Araucanía,Lonquimay,1057,189936.529,4,6.5,13,11.512,0,0,162,10.233,40,10.151,0,0,0,0,0,0,1,1,482,897.95,145,1177.42,606,94818.431,151,1406.4,868,26679.447,276,4075.192,312,9669.383,318,49937.01,869,1235.9
Región de La Araucanía,Los Sauces,615,60412.23896819275,177,2106.222159558,81,96.4144049416,3,129.70958073,219,54.9908701317386,152,254.52532534632,2,3.8,3,1.512,2,26.5,1,0.5,132,1358.591992751609,407,32585.27889404909,198,4985.127169797026,31,1111.425912994789,462,8849.130787438817,151,5893.556949261529,146,899.30189686986,116,1520.57544227538,503,535.075582046984
Región de La Araucanía,Lumaco,668,65252.34019765578,133,861.2319381211,104,83.6953759398,7,26.2797197405,211,55.9977184994382,53,29.5407243157,5,2.25,0,0,0,0,1,2,82,198.18205686371,491,38772.53136190254,235,7362.467402073442,14,156.77297079089,394,3260.677751352815,111,8759.505226832036,238,3073.515104264038,67,1941.159532587603,477,666.533314372171
Región de La Araucanía,Purén,722,28377.63831461342,215,641.1813146899,314,263.90064769,1,1,323,44.075662484854,224,80.1790932875,5,12.5,4,0.186,3,1.375,2,1.5,192,636.3095981753399,473,11198.95636612945,264,5050.951177265484,22,50.5835602094,596,6955.350149249407,99,794.14422989438,204,1486.479948324142,81,675.218394628935,604,483.747172584627
Región de La Araucanía,Renaico,247,17177.34485855035,74,1589.98551931624,36,76.518,7,154.01774168606,133,120.66044603437,77,903.793111857,0,0,1,0.09,5,175.3155033565,7,44.9,111,607.453898978891,68,7065.66494262347,12,640.08534756067,10,443.89253095,138,2213.740637077362,74,2498.072881346237,31,121.773498971042,35,240.905415555195,210,280.47538323731
Región de La Araucanía,Traiguén,736,63008.64043979141,399,13433.6663524069,92,397.4984746544,57,3633.2168623351,269,165.0148953034192,161,1092.25915740473,7,47.8,5,4.363,1,1,1,0.04,102,739.01125714905,401,21392.3564210459,225,4977.198113760305,146,1575.687915377411,503,7589.881716695983,95,3165.744071775962,126,753.073837066526,231,2835.587961680188,653,1205.240403135524
Región de La Araucanía,Victoria,862,86021.00426469881,505,26167.42295586738,45,112.0074403139,70,5543.319997446192,189,56.08098973437,131,819.071,2,12,2,0.5,1,10,5,5.765,114,1891.2355089824,153,18649.91165473218,258,8777.43315487642,131,1571.4027577836,558,6564.167428587756,90,5304.275143093521,100,899.757482521662,73,8242.119056125208,751,1394.534694634214
Región de Los Ríos,Total Región,8749,1224008.426857959,884,23869.5500000463,2070,4623.7910000156,30,2536.9200000033,3618,798.92035,2918,6297.674,10,30,53,55.7157,8,233.075,58,47.1428,1308,26290.3770000225,1901,196609.2769995307,5067,594951.61100703,2824,129752.7780001097,6881,88111.672,564,8118.227999689358,2312,46114.0990010237,1940,76084.57499996905,7552,19483.0210005189
Región de Los Ríos,Valdivia,353,67798.87519284304,12,860.575,81,17.111,1,2.2,149,23.287,120,67.843,1,3.5,12,9.763,3,2.1,12,8.088,34,308.555,129,24729.30151077264,245,25692.84634190703,53,3023.1051970836,268,3319.522000003814,20,1706.164434597557,131,5020.684999767917,89,1758.837941603596,309,1245.390767106894
Región de Los Ríos,Corral,167,43791.0991657867,2,0.55,62,12.863,0,0,106,22.289,59,24.129,0,0,7,0.22,0,0,1,0.012,6,2.48,61,13595.30428016068,119,24691.5456402916,37,168.188,126,545.95400000806,15,31.128,67,3822.399999431729,59,261.056999995597,145,612.9792458990449
Región de Los Ríos,Lanco,457,34040.75204650178,81,627.85,173,89.941,0,0,247,62.164,241,436.393,0,0,1,0.25,0,0,3,3.48,147,1786.2,145,10932.81394091825,319,11440.31247526882,148,1272.68,390,4490.739900285257,27,891.23480249406,90,633.57672734548,62,441.019999993936,399,932.09620019598
Región de Los Ríos,Los Lagos,538,105967.1127037623,19,1974.8264735668,41,50.3489375,1,150,144,33.755875,108,974.11714249952,1,0.8,2,0.21,0,0,1,0.035,55,3299.5223151124,127,24686.75899792243,330,40337.83303871725,172,20162.92990483495,392,8145.055670561409,13,613.198715563144,105,2362.597749857531,87,860.206058392486,468,2314.916824234333
Región de Los Ríos,Máfil,409,48766.19399895328,20,2825,34,74.559,5,298.32,68,31.102,127,317.023,0,0,1,0.06,3,137.355,1,0.045,71,1953.53,111,14218.29684622069,272,14064.18393647225,182,5906.76,290,3467.916000002137,21,1562.079740360576,166,2313.605000299663,77,492.700000005102,379,1103.65847559285
Región de Los Ríos,Mariquina,894,88525.73838495156,53,3236.982,276,510.761,4,296.12,455,82.2187,337,648.36,0,0,1,0.05,1,2.6,15,18.217,73,872.702,307,32869.85169324321,561,28162.25081242183,265,4160.425,769,7240.588099702363,112,1225.456143490389,404,5020.028273249264,283,1860.449000006405,833,2318.678662838101
Región de Los Ríos,Paillaco,667,69885.48165127712,78,3274.317410695576,88,1415.191952476,4,325.21,111,34.257,97,660.18081381248,0,0,3,1.225,1,30.02,2,0.5096,73,1349.66439541,159,16460.30709498445,381,15349.13856035576,346,17861.6656660378,446,6902.158575040131,32,434.288709746402,111,2362.854230617743,131,2046.483633421941,541,1378.009008678827
Región de Los Ríos,Panguipulli,1322,249356.9771832727,161,1670.7,336,213.141,3,729.22,675,188.811,476,1597.376,0,0,5,0.1922,0,0,8,3.4232,199,2280.22,215,16960.06220836172,1021,159793.860084926,197,6125.34,1180,16160.31700000154,159,479.367014728825,407,12280.82500010953,266,27381.05299999729,940,3493.06947514779
Región de Los Ríos,La Unión,1227,162708.4706327308,188,4271.889830448256,206,810.825022636536,8,257.914544041352,403,110.01625,496,684.424218688,7,11.7,13,2.2855,1,1,7,9.065,369,5715.6588385287,356,35027.14693993498,663,85549.1900074864,317,13239.34998196,888,7828.0678806085,67,503.547438722414,307,4730.534769954801,283,1409.353553680555,1113,2546.500856040282
Región de Los Ríos,Futrono,545,97918.23966501968,82,640.486766148,268,250.945,2,80.1,312,66.06431818182,129,187.18,1,14,0,0,0,0,1,0.004,38,1911.3844509714,74,3652.296524071588,317,63467.99827354875,134,11180.00910172125,465,7112.02154083227,38,124.81,150,3176.220000000122,191,4697.025457468935,471,1357.694232075542
Región de Los Ríos,Lago Ranco,661,111161.5420002271,56,434.9239198594,173,200.0258355136,1,2.8343558298,319,54.64543303497,150,175.11395608395,0,0,0,0,0,0,2,0.208,18,462.25,104,601.480001401696,354,73995.21458550556,186,3651.894628113,561,7144.097425449606,13,222.809999859401,170,2350.809400824511,99,21395.94837840194,482,469.2860803497
Región de Los Ríos,Río Bueno,1683,144087.9442326331,158,4051.448599328268,341,978.078251889464,5,395.001100132148,634,90.30977378321,589,525.53386891605,0,0,8,41.46,1,60,5,4.056,251,6348.21,174,2875.656961538392,603,52407.23725012879,846,43000.4305203591,1162,15755.23390750492,61,324.14300012659,242,2039.962849565406,350,13480.44097700126,1587,1710.741172359561
Región de Los Lagos,Total Región,18343,2629360.929498168,780,18253.1100000063,7692,10165.4530000023,31,996.67,6667,1466.9319,4942,4725.695,12,12.96,84,54.9724,17,397.172,70,190.1662,2337,26693.5590000097,2870,52804.80899831426,11629,1532386.687000215,6560,240560.406999882,14550,196525.627,1120,12631.54199974057,6940,110049.3970000025,3612,407327.9629999976,13129,14117.8079999974
Región de Los Lagos,Puerto Montt,817,99826.77470000015,46,300.253,363,235.215,1,1.0932475885,236,33.3827,331,131.888,0,0,19,0.1642,0,0,6,1.9028,119,559.579524116645,191,523.9246827301,533,74269.3039199826,215,4579.7273838702,589,4404.4435822762,87,2705.554,386,2311.2624905363,198,9271.804990354,716,497.275178545605
Región de Los Lagos,Calbuco,1931,25817.79470001484,12,7.3,1363,474.994,0,0,1305,216.1777,685,163.845,0,0,9,0.318,2,0.204,4,0.84,230,264.43,215,2393.5635854524,1149,8170.83364654084,343,1540.39,1733,7942.111,76,543.1850000000001,869,2585.125140018,263,904.9291680016,1557,609.548460002
Región de Los Lagos,Cochamó,331,72651.45339933869,4,2.5,187,53.06,1,0.5,177,14.6294,162,72.533,2,2.7,0,0,0,0,0,0,35,45.6,12,270.40117605548,299,63527.63452385031,105,553.86,304,3090.772,7,77.374299432912,221,4101.238,46,680.1700000000002,238,158.481
Región de Los Lagos,Fresia,595,45492.35473942053,65,2305.390823964,175,1602.2150419331,1,18.6248153628,110,38.505,165,176.60700000005,0,0,2,0.453,1,2.5,4,3.9,173,2229.91675662702,155,2591.495815320955,423,12529.08354766732,310,12648.24118034754,427,8323.284355978443,26,234.5221775705,184,1090.257034933458,172,1036.875156277099,530,660.483033438244
Región de Los Lagos,Frutillar,401,48250.0420000066,46,1931.3389912152,48,509.4799834728,2,103,50,7.311,23,274.777,1,1,2,13.5,1,139.5,3,11.83,58,2758.43634424,30,417.75,168,5336.689450569475,245,22868.1668542112,278,10977.31891815377,11,143.847268848,65,967.21974894,47,781.617544396,301,1007.25889596015
Región de Los Lagos,Los Muermos,1348,73690.05449997235,199,1607.0083783008,463,1760.5279782244,4,133.5,213,40.9171,190,127.304,2,2.25,1,0.1,0,0,15,0.1994,274,1712.1817191445,206,637.284412883,1065,22875.11266865827,905,25748.96507241771,786,11658.57387048981,23,188.325,595,4019.6962491111,349,1964.28392224,1200,1213.82472850275
Región de Los Lagos,Llanquihue,197,29498.21999985079,43,1282.5714995344,60,1083.9929466048,1,70,43,9.291,32,62.97,0,0,1,0.5,1,154.9,0,0,46,1676.8275370936,33,135.3692550006,129,4389.0425298784,116,13939.1470852016,134,5122.314254275086,8,114.3168224295,35,397.612054308,50,569.3254146918,168,490.039600833
Región de Los Lagos,Maullín,911,31745.55099997359,36,138.300344601,286,277.1682329215,2,4,124,24.078,91,65.07,0,0,1,0.005,0,0,2,1,168,1013.76101083,184,1609.3614145476,530,7688.67888663049,529,7305.3983322172,547,7440.292581225,99,629.305,338,2799.4501208519,328,2249.2768319984,637,500.4052441505
Región de Los Lagos,Puerto Varas,232,293368.1896000307,25,671.6340768853,28,504.4068660953,3,49.9067524115,29,19.7316,23,15.446,0,0,0,0,0,0,6,40.901,38,513.430369058055,52,572.976736164055,170,192391.8763877828,123,11218.60168476099,151,10227.92910484081,9,212.249073142042,68,6094.8395714302,96,70415.7177212136,180,418.542656246045
Región de Los Lagos,Castro,873,12336.82539999965,15,8.3,590,301.741469026544,0,0,320,49.3564,297,108.163,0,0,6,0.961,1,0.004,2,0.238,20,118.2,44,36.295,412,2996.75269911476,143,937.4449999999999,753,5593.324831858344,55,380.925,293,1426.394,113,224.017,267,154.708
Región de Los Lagos,Ancud,1159,52804.06169998804,15,8.755,405,130.911,0,0,571,43.1967,331,82.738,2,1.01,3,0.19,0,0,5,0.711,97,270.87,178,574.851,775,28183.289188175,465,7329.324087815,880,11436.45972399805,85,317.447,433,2603.858,244,1329.736,1019,490.715
Región de Los Lagos,Chonchi,777,86873.30029970688,3,0.95,487,253.105,0,0,463,37.6523,313,63.441,0,0,1,0.5,8,0.517,0,0,128,301.833,39,472.82,588,75276.04599970688,350,2871.271,639,5546.534,37,135.995,243,1346.123,138,463.948,479,102.565
Región de Los Lagos,Curaco de Vélez,359,3293.519653845855,5,2.45,272,106.009538461535,0,0,58,5.5945,48,10.72,0,0,1,0.02,0,0,0,0,2,2,9,5.95,203,637.988230769,109,391.605,321,1763.76538461532,14,31.56,123,228.68,41,67.327,155,39.85
Región de Los Lagos,Dalcahue,664,16960.95594616645,3,1.25,443,149.127992511921,0,0,242,21.7811,132,38.998,0,0,0,0,0,0,1,0.25,103,206.438,48,208.477,503,5716.46288194124,207,1384.128912185,585,5747.260059528286,105,671.78,305,1694.422,220,988.763,431,131.817
Región de Los Lagos,Puqueldón,453,4312.8198,3,2.5,360,179.033,0,0,212,25.0868,79,21.685,0,0,1,0.008,0,0,0,0,66,48.05,16,5.18,277,901.104,108,179.845,433,2526.207,17,45.62,121,216.649,30,43.996,379,117.856
Región de Los Lagos,Queilén,363,7298.983000000001,0,0,189,79.47,0,0,77,31.4,70,24.15,0,0,1,0.5,0,0,0,0,0,0,6,3.565,297,4548.31,129,484.371,305,1549.912,4,18.13,95,467.995,8,24.54,144,66.64
Región de Los Lagos,Quellón,629,203704.7740002931,1,2,235,429.376,1,0.2,256,297.454,195,178.314,0,0,1,0.25,0,0,1,0.7,57,300.44,19,243.65,446,190687.7450002931,201,1676.59,485,5248.492,53,118.544,379,3707.932,147,589.375,366,223.712
Región de Los Lagos,Quemchi,829,17570.268,1,0.5,589,231.132,0,0,464,34.773,400,123.739,0,0,3,0.209,1,0.002,4,1.62,176,185.071,164,225.072,631,7309.45,383,2652.523,646,4697.645,40,92.459,386,1346.814,145,542.766,726,126.493
Región de Los Lagos,Quinchao,785,7220.402400000001,11,9.012,587,285.937,0,0,509,77.7864,339,104.252,0,0,3,0.058,1,0.2,1,4,102,104.249,177,90.965,473,1489.91,95,121.68,734,3748.86,112,231.014,399,760.744,46,82.171,345,109.564
Región de Los Lagos,Osorno,681,64100.3538737214,57,4359.288231564095,61,476.4288700176,6,198.0848153628,103,50.0467,132,1104.931239049155,0,0,7,4.9,1,4,10,108.18211764705,79,2959.77719268239,143,2893.53877222277,250,5716.032793179659,290,30610.09024786875,431,11380.55284598658,30,417.892589039558,81,506.063323475234,162,2013.75201914042,413,1296.792116485363
Región de Los Lagos,Puerto Octay,336,79441.31659295809,9,402.681365576,4,95.241820768,0,0,17,1.826,10,45.55,0,0,3,3.5,0,0,1,0.4,57,3324.47276382415,43,9101.328187144703,227,27234.86116174094,235,30221.4178354964,178,2841.340559104035,6,2519.590498684623,75,1260.086493780441,97,1166.9324459,305,1222.087460938784
Región de Los Lagos,Purranque,345,46859.59321531561,15,1182.6,11,406.1,3,139,31,12.38,22,518.44999999995,0,0,1,0.8,0,0,0,0,16,1129.7028571434,50,5731.53205747895,167,8877.70647692314,55,12180.95477887772,295,13801.66291686354,12,219.096684646,55,1011.954819585934,76,1029.2929591033,138,618.359664693668
Región de Los Lagos,Puyehue,693,145624.1691687458,7,302.9298411271392,28,27.75,3,56.99999999999999,43,10.039,41,66.42333333335,1,0.25,4,23.75,0,0,2,0.7558823529500001,67,2498.70761513688,37,1213.641530767655,316,87081.57439237768,362,20241.4000165026,519,15258.5446023391,5,132.45,106,1503.36513884601,99,16410.78624529758,436,794.80157066487
Región de Los Lagos,Río Negro,528,44575.90380984507,21,946.5997490788,44,322.2052832206,2,33.7503692744,80,48.1515116279,115,617.985490837095,0,0,3,3.5,1,95.2,2,3.7,87,1783.57865745046,92,7243.788167749432,216,4932.39356659565,131,15482.2764306501,467,9162.359208245472,39,575.81470234222,163,820.554325501696,125,1332.379581383661,487,1171.666765887578
Región de Los Lagos,San Juan de La Costa,806,51078.04068817443,51,84.4,169,102.5869767442,0,0,280,105.2604883721,217,97.2639534884,0,0,4,0.1762,0,0,0,0,49,164.5058139536,461,12191.45856518998,554,27026.8483006633,77,287.99,719,6054.268372093782,100,1009.499883606479,346,2959.480000001282,69,214.609999999976,451,779.692134061336
Región de Los Lagos,San Pablo,692,27482.57501059477,85,2642.398698159565,87,30.395,4,188,316,156.0662,310,345.538983292,4,5.75,5,0.601,0,0,3,9.036,116,2326.259838709,243,2824.08938644158,249,1472.601775394358,235,9961.38608479999,493,5525.842103508965,22,348.555999998732,65,423.988450702909,156,743.427000000164,564,478.638489587507
Región de Los Lagos,Chaitén,284,786994.0170001904,2,0.898,71,18.64,0,0,53,9.009,13,6.855,0,0,0,0,0,0,0,0,3,120.54,2,2.5,237,515747.14695912,43,1885.13,248,5197.3710410704,6,227.579,162,47202.74,35,216377.33,178,198.278
Región de Los Lagos,Futaleufú,146,65832.2028,15,19.7,3,3.25,0,0,9,4.5628,2,3,0,0,0,0,0,0,0,0,4,40,16,170.5,129,33236.76,75,526.2,141,3596.7,1,3.09,86,7844.72,22,20310,52,73.72
Región de Los Lagos,Hualaihué,304,115101.010000014,2,0.6,118,31.925,1,0.01,228,38.56,126,47.422,0,0,2,0.009000000000000001,1,0.145,0,0,6,6.2,21,15.080253165,243,78020.65201266,44,200.28101266,266,1420.346683549,51,135.82,161,1761.21803798,94,33211.903,283,210.838
Región de Los Lagos,Palena,206,69555.40250000001,19,29,10,4.027,0,0,50,2.9255,59,25.635,0,0,0,0,0,0,0,0,12,28.5,44,398.4,201,34114.796,97,532,203,5241.139,1,150,183,6588.915,84,22286.91,181,153.155
Región de Aysén del General Carlos Ibáñez del Campo,Total Región,1968,7436342.9595,31,182.602,194,124.953,1,0.125,446,110.6005,237,331.61,5,3.12,10,6.241,12,52.69,9,7.2,387,11857.175,275,30855.681,1414,2583207.835,615,24939.038,1704,308368.224,241,56410.35,813,265413.022,744,4149837.685,1174,4634.808
Región de Aysén del General Carlos Ibáñez del Campo,Coyhaique,777,432819.4289992598,12,112.5,93,71.777,1,0.125,188,39.692,65,35.259,0,0,4,5.509,3,27.4,3,1.25,199,9065.939087196,172,18366.74427723572,572,137791.0231402723,268,13809.2157692305,681,136188.1833602667,106,8340.428249674009,210,28097.971,237,77545.92199999999,592,3320.4901153846
Región de Aysén del General Carlos Ibáñez del Campo,Lago Verde,77,384565.6199999999,0,0,2,0.8,0,0,4,1.85,3,0.86,0,0,0,0,0,0,0,0,4,213.2,5,170,69,211980.95,37,1408.5,64,75676.34,10,673.89,40,13846.04,31,80515.51999999999,20,77.67
Región de Aysén del General Carlos Ibáñez del Campo,Aysén,245,1334765.973200017,3,27.602,11,7.024,0,0,24,7.3922,7,3.05,0,0,1,0.07,3,7,3,5.6,22,706.045912804,30,6117.433830124081,170,576567.7666753485,108,4910.4092307695,213,16441.74063973334,38,3287.848826622105,63,46417.24,71,680070.985,111,188.7648846154
Región de Aysén del General Carlos Ibáñez del Campo,Cisnes/Guaitecas,227,646547.1695,9,28.5,6,5.45,0,0,19,11.6545,15,9.7,0,0,0,0,1,0.25,1,0.24,10,98.5,5,21.7,184,437879.01,88,2351.19,199,10069.035,10,897.7,147,23875.16,50,171248.4,36,50.68
Región de Aysén del General Carlos Ibáñez del Campo,Cochrane,128,113282.1485,3,8,8,2.997,0,0,37,11.1465,23,8.352,0,0,0,0,5,18.04,0,0,19,1117.5,23,983,96,33464.413,27,539,104,25187.403,8,986.43,100,18157.434,78,32684.223,24,114.21
Región de Aysén del General Carlos Ibáñez del Campo,Tortel/O'Higgins,39,1851432.1873,0,0,4,0.562,0,0,16,0.5853,7,1.62,1,0.3,1,0.03,0,0,0,0,2,2.5,3,125,35,447283.074,2,312,30,6504.493,14,441.2,32,99607.156,33,1297112.551,26,41.116
Región de Aysén del General Carlos Ibáñez del Campo,Chile Chico,261,361668.672,4,6,45,22.63,0,0,78,28.16,72,252.205,4,2.82,4,0.632,0,0,1,0.01,82,443.53,17,1918.95,113,70188.71399999999,34,320.75,222,14739.984,38,3401.135,119,10708.456,139,259163.04,216,471.656
Región de Aysén del General Carlos Ibáñez del Campo,Río Ibáñez,262,2311261.760000723,0,0,25,13.713,0,0,81,10.12,46,20.564,0,0,0,0,0,0,1,0.1,51,209.96,27,3152.852892640197,212,668052.8841843791,59,1287.973,230,23561.045,23,38381.71792370388,123,24703.565,127,1551497.044,166,370.221
Región de Magallanes y de la Antártica Chilena,Total Región,583,11503532.6638,13,82.25,108,39.712,3,0.308,159,28.2808,31,6.292,0,0,5,1.003,0,0,14,20.099,118,9800.39,12,9.664,230,3036385.168,74,12847.2,484,5220013.201,83,68496.928,226,473825.907,145,2676762.009,435,5214.252
Región de Magallanes y de la Antártica Chilena,Punta Arenas,174,460792.5580007789,3,8.25,56,22.026,1,0.25,80,15.289,16,4.560000000000001,0,0,5,1.003,0,0,11,17.34,12,399,4,3.125,61,129136.76558975,15,1559.7,99,90309.407816081,54,5773.80988718,32,12494.882431045,50,220712.22788718,118,334.9213895429
Región de Magallanes y de la Antártica Chilena,Laguna Blanca,32,275505.2300021587,0,0,1,4,0,0,0,0,0,0,0,0,0,0,0,0,1,0.006,6,1282.2063156278,1,4,16,26746.0360673765,6,582.0015760204,30,206395.4982270629,5,9936.93312102,9,24369.818877574,6,5985.79420702,11,198.9356104571
Región de Magallanes y de la Antártica Chilena,Río Verde,35,263110.08999921,0,0,1,1,0,0,0,0,0,0,0,0,0,0,0,0,0,0,5,1233.8947368,0,0,24,87953.441374515,9,3624.122807,32,114200.092150565,6,15687.19836214,15,12158.85861405,11,27846.68195414,15,404.8
Región de Magallanes y de la Antártica Chilena,San Gregorio,26,597329.9999983354,0,0,0,0,0,0,1,0.02,0,0,0,0,0,0,0,0,0,0,7,418.8989475722,0,0,3,2729.2960976085,4,819.8756169796,26,483525.8926592941,3,23550,11,41335.321354881,9,43696.995322,14,1253.7
Región de Magallanes y de la Antártica Chilena,Cabo de Hornos,21,1762259.67,0,0,6,0.18,0,0,12,0.812,2,0.025,0,0,0,0,0,0,1,0.003,0,0,0,0,19,288055.627,0,0,15,952822.045,1,0.555,11,2945.92,10,518433.527,17,0.976
Región de Magallanes y de la Antártica Chilena,Porvenir,122,681196.4916014435,7,27.5,22,8.406,0,0,24,4.1456,2,0.03,0,0,0,0,0,0,0,0,52,3345.2573926851,5,2.036,19,14806.98458886,22,3419.790705015,120,553505.2282156447,7,1470.73,77,83975.87553572,24,20012.2722554,100,618.235308118788
Región de Magallanes y de la Antártica Chilena,Primavera,43,318130.9599985515,1,1.5,0,0,0,0,0,0,0,0,0,0,0,0,0,0,0,0,9,461.1306606777,0,0,1,185.59762425,14,1062.209294985,42,283830.661962651,2,442,17,18130.03687328,12,13545.0949152,24,472.7286675077768
Región de Magallanes y de la Antártica Chilena,Timaukel,23,623134.900000005,0,0,0,0,0,0,0,0,0,0,0,0,0,0,0,0,0,0,4,275.2719466372,0,0,21,260894.30878689,3,911,22,181650.9258217044,3,2843,6,12548.197591,14,163517.6628294,13,494.5330243734352
Región de Magallanes y de la Antártica Chilena,Natales,160,6024668.411199311,0,0,22,4.1,2,0.058,42,8.0142,11,1.677,0,0,0,0,0,0,2,2.75,27,282.410438495,2,0.503,77,2109620.92527535,4,669.5,145,2218493.092341144,11,3288.765821305,65,169773.93026166,21,1521274.583817508,135,1248.1010438495
Región de Magallanes y de la Antártica Chilena,Torres del Paine,28,497404.3530002059,3,45,0,0,0,0,0,0,0,0,0,0,0,0,0,0,0,0,10,2102.319561505,0,0,20,116256.1855954,5,199,27,135280.3568058534,3,5503.935808355,18,96093.06546078999,12,141737.168812152,23,187.3209561505
